fecha,maiz_ars,trigo_ars,soja_ars,tipo_cambio_usd,maiz_usd,trigo_usd,soja_usd
2018-07-02,4290.0,5990.0,7990.0,28.7217,149.36,208.55,278.19
2018-07-03,4185.0,5920.0,7740.0,27.9417,149.78,211.87,277.01
2018-07-04,4200.0,5850.0,7730.0,28.0317,149.83,208.69,275.76
2018-07-05,4210.0,5900.0,7800.0,28.1675,149.46,209.46,276.91
2018-07-06,4250.0,5820.0,8010.0,28.08,151.35,207.26,285.26
2018-07-10,4160.0,5800.0,7780.0,27.5633,150.93,210.42,282.26
2018-07-11,4130.0,5800.0,7720.0,27.4592,150.4,211.22,281.14
2018-07-12,4150.0,5720.0,7700.0,27.1467,152.87,210.71,283.64
2018-07-13,4140.0,5700.0,7610.0,27.2467,151.95,209.2,279.3
2018-07-16,4150.0,5650.0,7710.0,27.2958,152.04,206.99,282.46
2018-07-17,4200.0,5660.0,7710.0,27.4883,152.79,205.91,280.48
2018-07-18,4250.0,5660.0,7720.0,27.6417,153.75,204.76,279.29
2018-07-19,4300.0,5640.0,7700.0,27.735,155.04,203.35,277.63
2018-07-20,4390.0,5680.0,7670.0,27.65,158.77,205.42,277.4
2018-07-23,4390.0,5650.0,7650.0,27.6283,158.9,204.5,276.89
2018-07-24,4410.0,5800.0,7650.0,27.4892,160.43,210.99,278.29
2018-07-25,4400.0,5750.0,7600.0,27.3592,160.82,210.17,277.79
2018-07-26,4425.0,5800.0,7600.0,27.44,161.26,211.37,276.97
2018-07-27,4450.0,5780.0,7600.0,27.3517,162.7,211.32,277.86
2018-07-30,4500.0,5800.0,7620.0,27.3392,164.6,212.15,278.72
2018-07-31,4500.0,5795.0,7720.0,27.3425,164.58,211.94,282.34
2018-08-01,4550.0,5950.0,7600.0,27.5117,165.38,216.27,276.25
2018-08-02,4510.0,5950.0,7100.0,27.6008,163.4,215.57,257.24
2018-08-03,4490.0,6030.0,7100.0,27.3817,163.98,220.22,259.3
2018-08-06,4450.0,6000.0,7220.0,27.3733,162.57,219.19,263.76
2018-08-07,4400.0,6000.0,7300.0,27.2717,161.34,220.01,267.68
2018-08-08,4460.0,6040.0,7500.0,27.5233,162.04,219.45,272.5
2018-08-09,4400.0,6100.0,7605.0,27.97,157.31,218.09,271.9
2018-08-10,4450.0,6400.0,7605.0,29.2,152.4,219.18,260.45
2018-08-13,4480.0,6450.0,8000.0,30.0083,149.29,214.94,266.59
2018-08-14,4490.0,6450.0,7700.0,29.415,152.64,219.28,261.77
2018-08-15,4610.0,6500.0,7800.0,30.005,153.64,216.63,259.96
2018-08-16,4600.0,6510.0,8000.0,29.81,154.31,218.38,268.37
2018-08-17,4630.0,6510.0,7900.0,29.7942,155.4,218.5,265.15
2018-08-21,4605.0,6500.0,7900.0,29.9667,153.67,216.91,263.63
2018-08-22,4600.0,6500.0,7900.0,30.195,152.34,215.27,261.63
2018-08-23,4600.0,6550.0,7720.0,30.2017,152.31,216.88,255.61
2018-08-24,4560.0,6550.0,7930.0,30.5683,149.17,214.27,259.42
2018-08-27,4475.0,6600.0,7820.0,30.9158,144.75,213.48,252.95
2018-08-28,4550.0,6700.0,7900.0,31.3517,145.13,213.7,251.98
2018-08-29,4820.0,7010.0,8270.0,31.9417,150.9,219.46,258.91
2018-08-30,5400.0,8000.0,9000.0,39.6083,136.34,201.98,227.23
2018-08-31,5000.0,7050.0,9000.0,37.125,134.68,189.9,242.42
2018-09-04,5000.0,7700.0,9120.0,39.225,127.47,196.3,232.5
2018-09-05,5000.0,8000.0,9150.0,38.8117,128.83,206.12,235.75
2018-09-06,5000.0,7700.0,9100.0,37.6917,132.66,204.29,241.43
2018-09-07,5050.0,7400.0,9210.0,36.985,136.54,200.08,249.02
2018-09-10,5100.0,7370.0,9320.0,37.39,136.4,197.11,249.26
2018-09-11,5180.0,7800.0,9510.0,37.9158,136.62,205.72,250.82
2018-09-12,5140.0,7870.0,9500.0,37.8733,135.72,207.8,250.84
2018-09-13,5290.0,7920.0,9720.0,38.7117,136.65,204.59,251.09
2018-09-14,5350.0,7970.0,9750.0,39.7083,134.73,200.71,245.54
2018-09-17,5250.0,7980.0,9550.0,39.5792,132.65,201.62,241.29
2018-09-18,5330.0,8010.0,9580.0,39.7317,134.15,201.6,241.12
2018-09-19,5300.0,8100.0,9740.0,39.46,134.31,205.27,246.83
2018-09-20,5250.0,8000.0,9600.0,38.3117,137.03,208.81,250.58
2018-09-21,5100.0,8000.0,9200.0,37.575,135.73,212.91,244.84
2018-09-24,5100.0,8000.0,9250.0,37.3,136.73,214.48,247.99
2018-09-25,5200.0,8300.0,9580.0,38.4,135.42,216.15,249.48
2018-09-26,5300.0,8330.0,9800.0,38.69,136.99,215.3,253.3
2018-09-27,5460.0,8400.0,10015.0,39.51,138.19,212.6,253.48
2018-09-28,5650.0,8600.0,10560.0,40.8967,138.15,210.29,258.21
2018-10-01,5520.0,8650.0,10150.0,40.3417,136.83,214.42,251.6
2018-10-02,5260.0,8300.0,9750.0,38.1633,137.83,217.49,255.48
2018-10-03,5120.0,8250.0,9720.0,37.6083,136.14,219.37,258.45
2018-10-04,5230.0,8400.0,10170.0,38.5183,135.78,218.08,264.03
2018-10-05,5170.0,8400.0,10110.0,38.0167,135.99,220.96,265.94
2018-10-08,5100.0,8350.0,9980.0,37.545,135.84,222.4,265.81
2018-10-09,5000.0,8450.0,9650.0,37.2467,134.24,226.87,259.08
2018-10-10,4990.0,8450.0,9450.0,37.2933,133.8,226.58,253.4
2018-10-11,4900.0,8500.0,9340.0,36.9183,132.73,230.24,252.99
2018-10-12,4800.0,8500.0,9100.0,36.2383,132.46,234.56,251.12
2018-10-16,4800.0,8540.0,9300.0,36.3583,132.02,234.88,255.79
2018-10-17,4860.0,8640.0,9410.0,36.3033,133.87,237.99,259.21
2018-10-18,4830.0,7470.0,9340.0,36.4133,132.64,205.14,256.5
2018-10-19,4830.0,7400.0,9200.0,36.5533,132.14,202.44,251.69
2018-10-22,4710.0,7100.0,9150.0,36.4167,129.34,194.97,251.26
2018-10-23,4700.0,6800.0,9130.0,36.7733,127.81,184.92,248.28
2018-10-24,4710.0,6750.0,9100.0,36.5417,128.89,184.72,249.03
2018-10-25,4700.0,6650.0,8850.0,36.7883,127.76,180.76,240.57
2018-10-26,4740.0,6600.0,9020.0,36.785,128.86,179.42,245.21
2018-10-29,4690.0,6600.0,9050.0,36.7933,127.47,179.38,245.97
2018-10-30,4680.0,6560.0,9050.0,36.8317,127.06,178.11,245.71
2018-10-31,4650.0,6320.0,8750.0,36.1967,128.46,174.6,241.73
2018-11-01,4670.0,6385.0,9050.0,35.7433,130.65,178.63,253.19
2018-11-02,4700.0,6350.0,9050.0,35.59,132.06,178.42,254.28
2018-11-05,4690.0,6200.0,8840.0,35.5475,131.94,174.41,248.68
2018-11-06,4700.0,6200.0,8800.0,35.5475,132.22,174.41,247.56
2018-11-07,4700.0,6200.0,8820.0,35.7617,131.43,173.37,246.63
2018-11-08,4710.0,6200.0,8720.0,35.6092,132.27,174.11,244.88
2018-11-09,4650.0,6170.0,8700.0,35.4883,131.03,173.86,245.15
2018-11-12,4660.0,6200.0,8660.0,35.505,131.25,174.62,243.91
2018-11-13,4700.0,6300.0,8900.0,35.885,130.97,175.56,248.01
2018-11-14,4730.0,6300.0,8870.0,36.1233,130.94,174.4,245.55
2018-11-15,4750.0,6380.0,8900.0,36.065,131.71,176.9,246.78
2018-11-16,4750.0,6400.0,8840.0,35.9767,132.03,177.89,245.71
2018-11-20,4740.0,6140.0,8850.0,36.2583,130.73,169.34,244.08
2018-11-21,4740.0,6220.0,8900.0,36.2733,130.67,171.48,245.36
2018-11-22,4760.0,6290.0,8830.0,36.425,130.68,172.68,242.42
2018-11-23,4800.0,6600.0,9000.0,36.8867,130.13,178.93,243.99
2018-11-26,4990.0,7000.0,9200.0,38.155,130.78,183.46,241.12
2018-11-27,5050.0,7030.0,9230.0,38.875,129.9,180.84,237.43
2018-11-28,5180.0,7000.0,9400.0,38.5317,134.43,181.67,243.95
2018-11-29,5150.0,6770.0,9200.0,38.0217,135.45,178.06,241.97
2018-11-30,5180.0,6600.0,9230.0,38.0217,136.24,173.59,242.76
2018-12-03,5160.0,6360.0,9070.0,36.89,139.88,172.4,245.87
2018-12-04,5180.0,6585.0,9200.0,37.0617,139.77,177.68,248.23
2018-12-05,5300.0,6870.0,9230.0,37.9383,139.7,181.08,243.29
2018-12-06,5350.0,7050.0,9160.0,37.8567,141.32,186.23,241.97
2018-12-07,5350.0,7180.0,9020.0,37.3583,143.21,192.19,241.45
2018-12-10,5400.0,7480.0,9150.0,37.7017,143.23,198.4,242.69
2018-12-11,5470.0,7470.0,9100.0,37.6483,145.29,198.42,241.71
2018-12-12,5520.0,7480.0,9120.0,37.6367,146.67,198.74,242.32
2018-12-13,5600.0,7690.0,9050.0,37.8033,148.14,203.42,239.4
2018-12-14,5600.0,7750.0,9050.0,38.165,146.73,203.07,237.13
2018-12-17,5600.0,8100.0,9080.0,38.3217,146.13,211.37,236.94
2018-12-18,5690.0,7750.0,9130.0,38.2133,148.9,202.81,238.92
2018-12-19,5700.0,7750.0,9120.0,38.3017,148.82,202.34,238.11
2018-12-20,5550.0,7700.0,9020.0,38.07,145.78,202.26,236.93
2018-12-21,5500.0,7740.0,8990.0,38.0783,144.44,203.27,236.09
2018-12-24,5500.0,7740.0,8990.0,38.0783,144.44,203.27,236.09
2018-12-26,5480.0,7840.0,8960.0,38.51,142.3,203.58,232.67
2018-12-27,5495.0,7810.0,9000.0,38.57,142.47,202.49,233.34
2018-12-28,5400.0,7725.0,9020.0,37.8083,142.83,204.32,238.57
2019-01-02,5490.0,7650.0,9180.0,37.9333,144.73,201.67,242.0
2019-01-03,5490.0,7710.0,9200.0,37.5517,146.2,205.32,245.0
2019-01-04,5450.0,7620.0,9280.0,37.39,145.76,203.8,248.19
2019-01-07,5480.0,7570.0,9230.0,37.3583,146.69,202.63,247.07
2019-01-08,5550.0,7500.0,9220.0,37.3742,148.5,200.67,246.69
2019-01-09,5550.0,7510.0,9295.0,37.4708,148.12,200.42,248.06
2019-01-10,5550.0,7300.0,9050.0,37.3092,148.76,195.66,242.57
2019-01-11,5580.0,7350.0,9050.0,37.1033,150.39,198.1,243.91
2019-01-14,5595.0,7350.0,8970.0,37.095,150.83,198.14,241.81
2019-01-15,5530.0,7430.0,8920.0,37.135,148.92,200.08,240.2
2019-01-16,5400.0,7530.0,9100.0,37.3567,144.55,201.57,243.6
2019-01-17,5560.0,7650.0,9300.0,37.7383,147.33,202.71,246.43
2019-01-18,5560.0,7690.0,9390.0,37.62,147.79,204.41,249.6
2019-01-21,5540.0,7730.0,9380.0,37.705,146.93,205.01,248.77
2019-01-22,5530.0,7710.0,9310.0,37.59,147.11,205.11,247.67
2019-01-23,5545.0,7735.0,9365.0,37.56,147.63,205.94,249.33
2019-01-24,5600.0,7810.0,9330.0,37.5592,149.1,207.94,248.41
2019-01-25,5580.0,7735.0,9280.0,37.1433,150.23,208.25,249.84
2019-01-28,5580.0,7770.0,9310.0,37.0933,150.43,209.47,250.99
2019-01-29,5600.0,7900.0,9410.0,37.225,150.44,212.22,252.79
2019-01-30,5670.0,7910.0,9460.0,37.605,150.78,210.34,251.56
2019-01-31,5580.0,7820.0,9350.0,37.035,150.67,211.15,252.46
2019-02-01,5550.0,7765.0,9390.0,37.2367,149.05,208.53,252.17
2019-02-04,5500.0,7790.0,9270.0,37.24,147.69,209.18,248.93
2019-02-05,5390.0,7780.0,9240.0,37.1967,144.91,209.16,248.41
2019-02-06,5500.0,7780.0,9310.0,37.4283,146.95,207.86,248.74
2019-02-07,5580.0,7750.0,9280.0,37.895,147.25,204.51,244.89
2019-02-08,5400.0,7720.0,9250.0,37.8617,142.62,203.9,244.31
2019-02-11,5350.0,7545.0,9170.0,38.32,139.61,196.89,239.3
2019-02-12,5250.0,7560.0,9250.0,37.8167,138.83,199.91,244.6
2019-02-13,5250.0,7530.0,9250.0,38.1467,137.63,197.4,242.48
2019-02-14,5310.0,7440.0,9170.0,38.3717,138.38,193.89,238.98
2019-02-15,5390.0,7490.0,9270.0,38.325,140.64,195.43,241.88
2019-02-18,5290.0,7200.0,9270.0,38.765,136.46,185.73,239.13
2019-02-19,5300.0,7330.0,9330.0,38.9158,136.19,188.36,239.75
2019-02-20,5420.0,7300.0,9490.0,40.04,135.36,182.32,237.01
2019-02-21,5500.0,7275.0,9500.0,39.6633,138.67,183.42,239.52
2019-02-22,5425.0,7220.0,9400.0,39.2517,138.21,183.94,239.48
2019-02-25,5350.0,7340.0,9380.0,38.96,137.32,188.4,240.76
2019-02-26,5430.0,7250.0,9230.0,38.9917,139.26,185.94,236.72
2019-02-27,5405.0,7180.0,9160.0,38.7467,139.5,185.31,236.41
2019-02-28,5260.0,7020.0,9205.0,38.9983,134.88,180.01,236.04
2019-03-01,5350.0,7020.0,9200.0,39.445,135.63,177.97,233.24
2019-03-06,5500.0,7300.0,9400.0,40.4817,135.86,180.33,232.2
2019-03-07,5680.0,7420.0,9730.0,41.225,137.78,179.99,236.02
2019-03-08,5580.0,7175.0,9520.0,41.3,135.11,173.73,230.51
2019-03-11,5670.0,7190.0,9320.0,40.8717,138.73,175.92,228.03
2019-03-12,5750.0,7150.0,9470.0,41.3483,139.06,172.92,229.03
2019-03-13,5650.0,7250.0,9480.0,41.6467,135.67,174.08,227.63
2019-03-14,5525.0,7150.0,9380.0,40.98,134.82,174.48,228.89
2019-03-15,5450.0,7000.0,9350.0,39.9417,136.45,175.26,234.09
2019-03-18,5430.0,6965.0,9170.0,39.7133,136.73,175.38,230.91
2019-03-19,5480.0,7050.0,9150.0,40.325,135.9,174.83,226.91
2019-03-20,5600.0,6910.0,9200.0,41.0817,136.31,168.2,223.94
2019-03-21,5640.0,7000.0,9320.0,40.7417,138.43,171.81,228.76
2019-03-22,5820.0,7075.0,9550.0,42.01,138.54,168.41,227.33
2019-03-25,5740.0,7100.0,9405.0,41.785,137.37,169.92,225.08
2019-03-26,5800.0,7220.0,9450.0,42.3467,136.96,170.5,223.16
2019-03-27,5950.0,7500.0,9500.0,43.6983,136.16,171.63,217.4
2019-03-28,5860.0,7650.0,9500.0,43.59,134.43,175.5,217.94
2019-03-29,5670.0,7550.0,9400.0,43.3533,130.79,174.15,216.82
2019-04-01,5650.0,7400.0,9500.0,42.8233,131.94,172.8,221.84
2019-04-03,5700.0,7450.0,9450.0,42.6533,133.64,174.66,221.55
2019-04-04,5850.0,7600.0,9500.0,43.2467,135.27,175.74,219.67
2019-04-05,5950.0,7650.0,9410.0,43.6933,136.18,175.08,215.36
2019-04-08,5960.0,7700.0,9200.0,43.8,136.07,175.8,210.05
2019-04-09,5990.0,7600.0,9060.0,43.74,136.95,173.75,207.13
2019-04-10,5790.0,7970.0,9110.0,43.0417,134.52,185.17,211.66
2019-04-11,5700.0,7740.0,9010.0,42.9117,132.83,180.37,209.97
2019-04-12,5520.0,7690.0,8920.0,42.33,130.4,181.67,210.73
2019-04-15,5520.0,7410.0,8950.0,41.5617,132.81,178.29,215.34
2019-04-16,5630.0,7650.0,9010.0,42.1133,133.69,181.65,213.95
2019-04-17,5600.0,7750.0,9130.0,41.7833,134.02,185.48,218.51
2019-04-22,5560.0,7820.0,9270.0,42.6917,130.24,183.17,217.14
2019-04-23,5540.0,7995.0,9100.0,42.38,130.72,188.65,214.72
2019-04-24,5680.0,8180.0,9540.0,43.4783,130.64,188.14,219.42
2019-04-25,5980.0,8330.0,9960.0,45.6333,131.04,182.54,218.26
2019-04-26,5900.0,8500.0,9860.0,44.8767,131.47,189.41,219.71
2019-04-29,5790.0,8165.0,9495.0,44.6733,129.61,182.77,212.54
2019-04-30,5930.0,8300.0,9230.0,44.01,134.74,188.59,209.73
2019-05-02,6090.0,8470.0,9150.0,44.7483,136.09,189.28,204.48
2019-05-03,6170.0,8350.0,9070.0,44.4233,138.89,187.96,204.17
2019-05-06,5990.0,8270.0,8980.0,44.8967,133.42,184.2,200.01
2019-05-07,6050.0,8390.0,9360.0,44.895,134.76,186.88,208.49
2019-05-08,6070.0,8280.0,9430.0,45.0383,134.77,183.84,209.38
2019-05-09,5985.0,8450.0,9460.0,45.5667,131.35,185.44,207.61
2019-05-10,5925.0,8350.0,9400.0,44.9817,131.72,185.63,208.97
2019-05-13,6000.0,8530.0,9560.0,45.4133,132.12,187.83,210.51
2019-05-14,6130.0,8580.0,9850.0,44.985,136.27,190.73,218.96
2019-05-15,6150.0,8350.0,10030.0,45.1533,136.2,184.93,222.13
2019-05-16,6250.0,8250.0,9950.0,44.8583,139.33,183.91,221.81
2019-05-17,6295.0,8290.0,9880.0,45.0183,139.83,184.15,219.47
2019-05-20,6490.0,8410.0,10010.0,45.3242,143.19,185.55,220.85
2019-05-21,6650.0,8330.0,9870.0,44.82,148.37,185.85,220.21
2019-05-22,6630.0,8490.0,10010.0,44.715,148.27,189.87,223.86
2019-05-23,6600.0,8750.0,10010.0,45.15,146.18,193.8,221.71
2019-05-24,6800.0,8700.0,10170.0,44.96,151.25,193.51,226.2
2019-05-27,6910.0,8850.0,10170.0,44.9783,153.63,196.76,226.11
2019-05-28,6980.0,8898.0,10350.0,44.7867,155.85,198.68,231.1
2019-05-29,6750.0,8850.0,10420.0,44.5033,151.67,198.86,234.14
2019-05-30,6820.0,8870.0,10500.0,44.445,153.45,199.57,236.25
2019-05-31,6990.0,9125.0,10450.0,44.87,155.78,203.37,232.9
2019-06-03,6980.0,9155.0,10430.0,44.8733,155.55,204.02,232.43
2019-06-04,6990.0,9050.0,10430.0,44.7567,156.18,202.2,233.04
2019-06-05,6900.0,8940.0,10320.0,44.8033,154.01,199.54,230.34
2019-06-06,6640.0,9160.0,10350.0,44.98,147.62,203.65,230.1
2019-06-07,6640.0,9110.0,10140.0,44.8833,147.94,202.97,225.92
2019-06-10,6960.0,9160.0,10190.0,44.97,154.77,203.69,226.6
2019-06-11,6960.0,9120.0,10140.0,44.7417,155.56,203.84,226.63
2019-06-12,6860.0,8900.0,10000.0,43.7483,156.81,203.44,228.58
2019-06-13,6950.0,8840.0,9910.0,43.585,159.46,202.82,227.37
2019-06-14,7110.0,8930.0,9920.0,43.87,162.07,203.56,226.12
2019-06-18,7100.0,8870.0,9920.0,43.6567,162.63,203.18,227.23
2019-06-19,7200.0,9050.0,9710.0,43.4517,165.7,208.28,223.47
2019-06-21,7180.0,8900.0,9670.0,42.915,167.31,207.39,225.33
2019-06-24,7210.0,8870.0,9600.0,42.665,168.99,207.9,225.01
2019-06-25,7170.0,8850.0,9500.0,42.305,169.48,209.2,224.56
2019-06-26,6980.0,9000.0,9550.0,42.7117,163.42,210.72,223.59
2019-06-27,6800.0,9100.0,9500.0,42.8433,158.72,212.4,221.74
2019-06-28,6500.0,8900.0,9510.0,42.4483,153.13,209.67,224.04
2019-07-01,6280.0,8600.0,9280.0,42.135,149.04,204.11,220.24
2019-07-02,6350.0,8820.0,9330.0,42.465,149.53,207.7,219.71
2019-07-03,6750.0,8765.0,9400.0,42.09,160.37,208.24,223.33
2019-07-04,6750.0,8540.0,9300.0,41.7583,161.64,204.51,222.71
2019-07-10,6380.0,8650.0,9510.0,41.8808,152.34,206.54,227.07
2019-07-11,6435.0,8500.0,9450.0,41.755,154.11,203.57,226.32
2019-07-12,6490.0,8650.0,9550.0,41.6583,155.79,207.64,229.25
2019-07-15,6440.0,8862.0,9610.0,41.8617,153.84,211.7,229.57
2019-07-16,6110.0,8910.0,9640.0,42.6333,143.32,208.99,226.11
2019-07-17,6130.0,8950.0,9640.0,42.52,144.17,210.49,226.72
2019-07-18,6030.0,8870.0,9610.0,42.345,142.4,209.47,226.95
2019-07-19,6030.0,8870.0,9790.0,42.4467,142.06,208.97,230.64
2019-07-22,6000.0,8880.0,9620.0,42.4783,141.25,209.05,226.47
2019-07-23,6100.0,8900.0,9710.0,42.6283,143.1,208.78,227.78
2019-07-24,6190.0,8900.0,9820.0,42.8083,144.6,207.9,229.39
2019-07-25,6250.0,9050.0,9800.0,43.245,144.53,209.27,226.62
2019-07-26,6200.0,9060.0,10000.0,43.2167,143.46,209.64,231.39
2019-07-29,6200.0,9100.0,10110.0,43.755,141.7,207.98,231.06
2019-07-30,6230.0,9160.0,10200.0,43.8817,141.97,208.74,232.44
2019-07-31,6105.0,9150.0,10100.0,43.8692,139.16,208.57,230.23
2019-08-01,6010.0,9050.0,10100.0,44.3233,135.59,204.18,227.87
2019-08-02,5870.0,9110.0,10310.0,44.7042,131.31,203.78,230.63
2019-08-05,5850.0,9190.0,10650.0,45.4383,128.75,202.25,234.38
2019-08-06,5830.0,9010.0,10700.0,45.3517,128.55,198.67,235.93
2019-08-07,5920.0,9070.0,10910.0,45.69,129.57,198.51,238.78
2019-08-08,5900.0,9200.0,11000.0,45.4117,129.92,202.59,242.23
2019-08-09,6100.0,9000.0,11000.0,45.4033,134.35,198.22,242.27
2019-08-12,6600.0,10000.0,12000.0,55.75,118.39,179.37,215.25
2019-08-13,7080.0,10280.0,13000.0,56.3167,125.72,182.54,230.84
2019-08-14,7520.0,11400.0,14450.0,58.835,127.82,193.76,245.6
2019-08-15,7085.0,11100.0,13750.0,56.6333,125.1,196.0,242.79
2019-08-16,6695.0,10700.0,13440.0,56.435,118.63,189.6,238.15
2019-08-20,6650.0,10637.0,13250.0,55.3633,120.12,192.13,239.33
2019-08-21,6740.0,10690.0,13430.0,54.915,122.74,194.66,244.56
2019-08-22,6806.0,10703.0,13366.0,55.0308,123.68,194.49,242.88
2019-08-23,6868.0,10715.0,13190.0,55.2683,124.27,193.87,238.65
2019-08-26,6950.0,10720.0,13230.0,55.335,125.6,193.73,239.09
2019-08-27,7070.0,10930.0,13210.0,55.7133,126.9,196.18,237.11
2019-08-28,7295.0,11270.0,13670.0,58.075,125.61,194.06,235.39
2019-08-29,7305.0,11340.0,13650.0,58.2,125.52,194.85,234.54
2019-08-30,7480.0,11560.0,13995.0,59.075,126.62,195.68,236.9
2019-09-02,6700.0,10600.0,12600.0,57.0917,117.36,185.67,220.7
2019-09-03,6700.0,10870.0,13000.0,55.7833,120.11,194.86,233.04
2019-09-04,6870.0,11110.0,13400.0,55.935,122.82,198.62,239.56
2019-09-05,7050.0,11440.0,13100.0,56.0042,125.88,204.27,233.91
2019-09-06,6960.0,11600.0,13100.0,55.9083,124.49,207.48,234.31
2019-09-09,6977.0,11400.0,13100.0,55.9433,124.72,203.78,234.17
2019-09-10,7090.0,11440.0,13400.0,56.0683,126.45,204.04,238.99
2019-09-11,7170.0,11700.0,13250.0,56.105,127.8,208.54,236.16
2019-09-12,7250.0,11850.0,13390.0,56.18,129.05,210.93,238.34
2019-09-13,7270.0,11500.0,13470.0,56.1525,129.47,204.8,239.88
2019-09-16,7310.0,11500.0,13470.0,56.2517,129.95,204.44,239.46
2019-09-17,7350.0,11540.0,13450.0,56.4508,130.2,204.43,238.26
2019-09-18,7310.0,11545.0,13400.0,56.5025,129.37,204.33,237.16
2019-09-19,7300.0,11555.0,13500.0,56.6067,128.96,204.13,238.49
2019-09-20,7340.0,11575.0,13270.0,56.6183,129.64,204.44,234.38
2019-09-23,7370.0,11750.0,13420.0,56.9282,129.46,206.4,235.74
2019-09-24,7340.0,11900.0,13375.0,56.9367,128.92,209.0,234.91
2019-09-25,7390.0,12220.0,13390.0,57.0075,129.63,214.36,234.88
2019-09-26,7320.0,12220.0,13395.0,57.18,128.02,213.71,234.26
2019-09-27,7410.0,12220.0,13366.0,57.3175,129.28,213.2,233.19
2019-09-30,7460.0,11760.0,13690.0,57.5583,129.61,204.31,237.85
2019-10-01,7525.0,11490.0,13800.0,57.6967,130.42,199.14,239.18
2019-10-02,7550.0,11000.0,13820.0,57.8883,130.42,190.02,238.74
2019-10-03,7420.0,10700.0,13690.0,57.7625,128.46,185.24,237.0
2019-10-04,7475.0,9500.0,13720.0,57.7133,129.52,164.61,237.73
2019-10-07,7475.0,9500.0,13720.0,57.8725,129.16,164.15,237.07
2019-10-08,7510.0,9760.0,13950.0,57.8375,129.85,168.75,241.19
2019-10-09,7570.0,9770.0,14050.0,57.9575,130.61,168.57,242.42
2019-10-10,7460.0,9900.0,14050.0,57.9828,128.66,170.74,242.31
2019-10-11,7600.0,9900.0,14200.0,58.05,130.92,170.54,244.62
2019-10-15,7670.0,9870.0,13650.0,58.235,131.71,169.49,234.4
2019-10-16,7850.0,10200.0,13700.0,58.3333,134.57,174.86,234.86
2019-10-17,7846.0,10170.0,13740.0,58.3142,134.55,174.4,235.62
2019-10-18,7850.0,10180.0,13956.0,58.3447,134.55,174.48,239.2
2019-10-21,7870.0,10090.0,14050.0,58.5217,134.48,172.41,240.08
2019-10-22,7890.0,10220.0,14250.0,58.6533,134.52,174.24,242.95
2019-10-23,8000.0,10410.0,14390.0,58.9367,135.74,176.63,244.16
2019-10-24,8020.0,10370.0,14600.0,59.3417,135.15,174.75,246.03
2019-10-25,8075.0,10450.0,14600.0,60.0033,134.58,174.16,243.32
2019-10-28,8000.0,10140.0,14230.0,59.4667,134.53,170.52,239.29
2019-10-29,8030.0,10200.0,14520.0,59.4567,135.06,171.55,244.21
2019-10-30,8300.0,10180.0,14740.0,59.5833,139.3,170.85,247.38
2019-10-31,8325.0,10110.0,14860.0,59.7267,139.38,169.27,248.8
2019-11-01,8460.0,10120.0,14950.0,59.7583,141.57,169.35,250.17
2019-11-04,8450.0,10120.0,14935.0,59.7617,141.39,169.34,249.91
2019-11-05,8450.0,10110.0,14900.0,59.6817,141.58,169.4,249.66
2019-11-06,8615.0,10110.0,14700.0,59.6817,144.35,169.4,246.31
2019-11-07,8613.0,10100.0,15000.0,59.5977,144.52,169.47,251.69
2019-11-08,8600.0,10050.0,14940.0,59.5442,144.43,168.78,250.91
2019-11-11,8665.0,10150.0,14900.0,59.7467,145.03,169.88,249.39
2019-11-12,8630.0,10050.0,15080.0,59.7452,144.45,168.21,252.41
2019-11-13,8640.0,10000.0,15120.0,59.7442,144.62,167.38,253.08
2019-11-14,8760.0,10060.0,15100.0,59.7258,146.67,168.44,252.82
2019-11-15,8920.0,10000.0,15020.0,59.685,149.45,167.55,251.65
2019-11-19,8920.0,9630.0,14880.0,59.7125,149.38,161.27,249.19
2019-11-20,8930.0,9700.0,14870.0,59.723,149.52,162.42,248.98
2019-11-21,8940.0,9835.0,14910.0,59.75,149.62,164.6,249.54
2019-11-22,8995.0,9830.0,14890.0,59.7942,150.43,164.4,249.02
2019-11-25,9100.0,10100.0,14900.0,59.745,152.31,169.05,249.39
2019-11-26,8960.0,9980.0,14815.0,59.7167,150.04,167.12,248.09
2019-11-27,8820.0,10000.0,14880.0,59.8783,147.3,167.01,248.5
2019-11-28,8650.0,10140.0,14700.0,59.85,144.53,169.42,245.61
2019-11-29,8780.0,10040.0,14700.0,59.8633,146.67,167.72,245.56
2019-12-02,8750.0,9900.0,14830.0,59.9517,145.95,165.13,247.37
2019-12-03,8800.0,9920.0,14930.0,59.9383,146.82,165.5,249.09
2019-12-04,8750.0,9996.0,14980.0,59.9058,146.06,166.86,250.06
2019-12-05,8620.0,9870.0,14810.0,59.9442,143.8,164.65,247.06
2019-12-06,8570.0,10100.0,14930.0,59.9575,142.93,168.45,249.01
2019-12-09,8425.0,10100.0,14935.0,59.9512,140.53,168.47,249.12
2019-12-10,8260.0,9930.0,14800.0,59.9608,137.76,165.61,246.83
2019-12-11,8050.0,10000.0,14660.0,59.8342,134.54,167.13,245.01
2019-12-12,8050.0,10000.0,14900.0,59.8322,134.54,167.13,249.03
2019-12-13,8100.0,10195.0,15000.0,59.817,135.41,170.44,250.76
2019-12-16,8100.0,9950.0,14500.0,59.8417,135.36,166.27,242.31
2019-12-17,8100.0,9850.0,14450.0,59.8227,135.4,164.65,241.55
2019-12-18,8100.0,9840.0,13800.0,59.8212,135.4,164.49,230.69
2019-12-19,8400.0,9840.0,14000.0,59.8172,140.43,164.5,234.05
2019-12-20,8350.0,10020.0,14000.0,59.8185,139.59,167.51,234.04
2019-12-23,8350.0,10050.0,14300.0,59.8633,139.48,167.88,238.88
2019-12-26,8240.0,10050.0,14325.0,59.9175,137.52,167.73,239.08
2019-12-27,8170.0,10130.0,14700.0,59.8908,136.41,169.14,245.45
2019-12-30,8170.0,10140.0,15050.0,59.895,136.41,169.3,251.27
2020-01-02,8340.0,10370.0,15360.0,59.8518,139.34,173.26,256.63
2020-01-03,8346.0,10500.0,15100.0,59.8335,139.49,175.49,252.37
2020-01-06,8500.0,10550.0,15400.0,59.819,142.1,176.37,257.44
2020-01-07,8640.0,10550.0,15200.0,59.8195,144.43,176.36,254.1
2020-01-08,8700.0,10600.0,15200.0,59.8177,145.44,177.21,254.11
2020-01-09,8940.0,10730.0,15380.0,59.8152,149.46,179.39,257.13
2020-01-10,9000.0,10790.0,15500.0,59.8163,150.46,180.39,259.13
2020-01-13,9200.0,11350.0,15535.0,59.88,153.64,189.55,259.44
2020-01-14,9220.0,11550.0,15600.0,60.0367,153.57,192.38,259.84
2020-01-15,9340.0,11590.0,15550.0,60.0075,155.65,193.14,259.13
2020-01-16,9270.0,11550.0,15500.0,59.995,154.51,192.52,258.35
2020-01-17,9420.0,11650.0,15550.0,60.0113,156.97,194.13,259.12
2020-01-20,9390.0,11500.0,15550.0,60.0333,156.41,191.56,259.02
2020-01-21,9580.0,11900.0,15400.0,60.0592,159.51,198.14,256.41
2020-01-22,9580.0,12000.0,15450.0,60.1148,159.36,199.62,257.01
2020-01-23,9580.0,12200.0,15570.0,60.0908,159.43,203.03,259.11
2020-01-24,9300.0,12300.0,15300.0,60.1025,154.74,204.65,254.57
2020-01-27,9060.0,12100.0,15250.0,60.1408,150.65,201.19,253.57
2020-01-28,9100.0,12200.0,15295.0,60.1808,151.21,202.72,254.15
2020-01-29,9065.0,12185.0,15100.0,60.2367,150.49,202.29,250.68
2020-01-30,9008.0,12000.0,15010.0,60.2475,149.52,199.18,249.14
2020-01-31,9100.0,11850.0,14800.0,60.3312,150.83,196.42,245.31
2020-02-03,9140.0,11850.0,14790.0,60.4325,151.24,196.09,244.74
2020-02-04,9057.0,12000.0,14793.0,60.579,149.51,198.09,244.19
2020-02-05,9055.0,12000.0,14900.0,60.5763,149.48,198.1,245.97
2020-02-06,9070.0,12020.0,14950.0,60.6732,149.49,198.11,246.4
2020-02-07,9090.0,11900.0,15100.0,60.7745,149.57,195.81,248.46
2020-02-10,9180.0,12000.0,15100.0,60.9688,150.57,196.82,247.67
2020-02-11,9220.0,12040.0,14950.0,61.112,150.87,197.02,244.63
2020-02-12,9380.0,12020.0,15150.0,61.2297,153.19,196.31,247.43
2020-02-13,9300.0,12000.0,15175.0,61.3808,151.51,195.5,247.23
2020-02-14,9070.0,12070.0,15130.0,61.4522,147.59,196.41,246.21
2020-02-17,8970.0,11950.0,15150.0,61.655,145.49,193.82,245.72
2020-02-18,8730.0,11920.0,15300.0,61.6645,141.57,193.3,248.12
2020-02-19,8615.0,11900.0,15050.0,61.7233,139.57,192.8,243.83
2020-02-20,8620.0,12010.0,14780.0,61.785,139.52,194.38,239.22
2020-02-21,8500.0,11930.0,14505.0,61.8348,137.46,192.93,234.58
2020-02-26,8170.0,12000.0,13500.0,62.0842,131.6,193.29,217.45
2020-02-27,8050.0,12050.0,13520.0,62.1375,129.55,193.92,217.58
2020-02-28,8090.0,12215.0,13700.0,62.208,130.05,196.36,220.23
2020-03-02,8130.0,12400.0,13700.0,62.2503,130.6,199.2,220.08
2020-03-03,8385.0,12200.0,14100.0,62.3002,134.59,195.83,226.32
2020-03-04,8450.0,12120.0,14360.0,62.3577,135.51,194.36,230.28
2020-03-05,8350.0,12200.0,14300.0,62.418,133.78,195.46,229.1
2020-03-06,8300.0,12150.0,14200.0,62.4793,132.84,194.46,227.28
2020-03-09,8165.0,12150.0,13840.0,62.5298,130.58,194.31,221.33
2020-03-10,8420.0,12050.0,13840.0,62.5898,134.53,192.52,221.12
2020-03-11,8720.0,12120.0,13850.0,62.6697,139.14,193.39,221.0
2020-03-12,8520.0,12000.0,13780.0,62.8182,135.63,191.03,219.36
2020-03-13,8600.0,11950.0,13790.0,62.8992,136.73,189.99,219.24
2020-03-16,8480.0,11940.0,13490.0,63.0398,134.52,189.4,213.99
2020-03-17,8500.0,11900.0,13540.0,63.175,134.55,188.37,214.33
2020-03-18,8205.0,11900.0,13850.0,63.33,129.56,187.9,218.7
2020-03-19,8500.0,12040.0,13930.0,63.5497,133.75,189.46,219.2
2020-03-20,8750.0,12080.0,13450.0,63.7688,137.21,189.43,210.92
2020-03-25,9160.0,12250.0,14020.0,64.0473,143.02,191.26,218.9
2020-03-26,9410.0,12400.0,14150.0,64.2295,146.51,193.06,220.3
2020-03-27,9500.0,12550.0,14260.0,64.4095,147.49,194.85,221.4
2020-03-30,9200.0,12530.0,14270.0,64.4697,142.7,194.35,221.34
2020-04-01,9020.0,12650.0,13700.0,64.5295,139.78,196.03,212.31
2020-04-02,9300.0,12690.0,13740.0,64.7165,143.7,196.09,212.31
2020-04-03,9250.0,12620.0,13800.0,64.9065,142.51,194.43,212.61
2020-04-06,8950.0,12635.0,13500.0,64.988,137.72,194.42,207.73
2020-04-07,8760.0,12650.0,13625.0,65.0695,134.63,194.41,209.39
2020-04-09,8900.0,12850.0,13500.0,65.1595,136.59,197.21,207.18
2020-04-13,8580.0,12710.0,13360.0,65.3795,131.23,194.4,204.35
2020-04-14,8600.0,12730.0,13650.0,65.498,131.3,194.36,208.4
2020-04-15,8500.0,12760.0,13738.0,65.6195,129.53,194.45,209.36
2020-04-16,8450.0,12780.0,13763.0,65.7395,128.54,194.4,209.36
2020-04-17,8220.0,12800.0,13900.0,65.8595,124.81,194.35,211.06
2020-04-20,8030.0,12900.0,13580.0,65.9778,121.71,195.52,205.83
2020-04-21,7850.0,13000.0,13610.0,66.0895,118.78,196.7,205.93
2020-04-22,7925.0,13050.0,13700.0,66.225,119.67,197.06,206.87
2020-04-23,7950.0,12900.0,13625.0,66.3167,119.88,194.52,205.45
2020-04-24,7880.0,12915.0,13670.0,66.425,118.63,194.43,205.8
2020-04-27,7950.0,12800.0,13600.0,66.525,119.5,192.41,204.43
2020-04-28,7960.0,12755.0,13650.0,66.635,119.46,191.42,204.85
2020-04-29,7986.0,12700.0,13710.0,66.745,119.65,190.28,205.41
2020-04-30,8100.0,12660.0,13995.0,66.835,121.19,189.42,209.4
2020-05-04,8100.0,12600.0,13800.0,66.925,121.03,188.27,206.2
2020-05-05,8150.0,12450.0,14150.0,67.005,121.63,185.81,211.18
2020-05-06,8030.0,12450.0,14000.0,67.095,119.68,185.56,208.66
2020-05-07,8140.0,12400.0,14170.0,67.185,121.16,184.57,210.91
2020-05-08,8150.0,12400.0,14410.0,67.275,121.14,184.32,214.2
2020-05-11,8260.0,12090.0,14500.0,67.365,122.62,179.47,215.25
2020-05-12,8210.0,12110.0,14600.0,67.455,121.71,179.53,216.44
2020-05-13,8215.0,12120.0,14650.0,67.545,121.62,179.44,216.89
2020-05-14,8140.0,11900.0,14630.0,67.635,120.35,175.94,216.31
2020-05-15,8200.0,11700.0,14650.0,67.725,121.08,172.76,216.32
2020-05-18,8040.0,11500.0,14630.0,67.815,118.56,169.58,215.73
2020-05-19,7990.0,11510.0,14650.0,67.905,117.66,169.5,215.74
2020-05-20,7917.0,11470.0,14900.0,67.995,116.44,168.69,219.13
2020-05-21,7750.0,11540.0,14600.0,68.085,113.83,169.49,214.44
2020-05-22,7760.0,11500.0,14700.0,68.175,113.82,168.68,215.62
2020-05-26,7690.0,11700.0,14770.0,68.265,112.65,171.39,216.36
2020-05-27,7725.0,11720.0,14800.0,68.355,113.01,171.46,216.52
2020-05-28,7985.0,11800.0,14750.0,68.445,116.66,172.4,215.5
2020-05-29,8070.0,11900.0,14770.0,68.535,117.75,173.63,215.51
2020-06-01,8000.0,11980.0,14930.0,68.625,116.58,174.57,217.56
2020-06-02,8080.0,11980.0,15050.0,68.715,117.59,174.34,219.02
2020-06-03,8170.0,12000.0,15120.0,68.805,118.74,174.41,219.75
2020-06-04,8300.0,12100.0,15360.0,68.895,120.47,175.63,222.95
2020-06-05,8400.0,12250.0,15250.0,68.985,121.77,177.57,221.06
2020-06-08,8450.0,12250.0,15250.0,69.075,122.33,177.34,220.77
2020-06-09,8570.0,12350.0,15250.0,69.165,123.91,178.56,220.49
2020-06-10,8770.0,12430.0,15300.0,69.255,126.63,179.48,220.92
2020-06-11,8680.0,12440.0,15330.0,69.315,125.23,179.47,221.16
2020-06-12,8700.0,12450.0,15350.0,69.375,125.41,179.46,221.26
2020-06-16,8700.0,12495.0,15300.0,69.615,124.97,179.49,219.78
2020-06-17,8510.0,12450.0,15400.0,69.675,122.14,178.69,221.03
2020-06-18,8700.0,12450.0,15500.0,69.735,124.76,178.53,222.27
2020-06-19,8700.0,12500.0,15770.0,69.795,124.65,179.1,225.95
2020-06-22,8500.0,12500.0,15700.0,69.975,121.47,178.64,224.37
2020-06-23,8550.0,12500.0,15750.0,70.035,122.08,178.48,224.89
2020-06-24,8650.0,12800.0,15600.0,70.095,123.4,182.61,222.56
2020-06-25,8600.0,12900.0,15500.0,70.155,122.59,183.88,220.94
2020-06-26,8540.0,12900.0,15430.0,70.215,121.63,183.72,219.75
2020-06-29,8700.0,12980.0,15340.0,70.395,123.59,184.39,217.91
2020-06-30,8950.0,12980.0,15620.0,70.455,127.03,184.23,221.7
2020-07-01,9140.0,13150.0,15900.0,70.515,129.62,186.49,225.48
2020-07-02,8950.0,13150.0,16000.0,70.575,126.82,186.33,226.71
2020-07-03,8735.0,13200.0,16000.0,70.635,123.66,186.88,226.52
2020-07-06,8900.0,13350.0,16020.0,70.815,125.68,188.52,226.22
2020-07-07,8840.0,13500.0,16250.0,70.875,124.73,190.48,229.28
2020-07-08,8950.0,13580.0,16340.0,70.935,126.17,191.44,230.35
2020-07-13,8880.0,13850.0,16055.0,71.2333,124.66,194.43,225.39
2020-07-14,8920.0,13864.0,16350.0,71.295,125.11,194.46,229.33
2020-07-15,9090.0,14000.0,16400.0,71.355,127.39,196.2,229.84
2020-07-16,9260.0,14000.0,16700.0,71.415,129.66,196.04,233.84
2020-07-17,9340.0,14100.0,16800.0,71.475,130.68,197.27,235.05
2020-07-20,9360.0,14000.0,16850.0,71.655,130.63,195.38,235.15
2020-07-21,9370.0,14000.0,16950.0,71.715,130.66,195.22,236.35
2020-07-22,9450.0,14000.0,17040.0,71.775,131.66,195.05,237.41
2020-07-23,9900.0,13950.0,17270.0,71.835,137.82,194.2,240.41
2020-07-24,9900.0,13950.0,17300.0,71.895,137.7,194.03,240.63
2020-07-27,9780.0,13700.0,17320.0,72.075,135.69,190.08,240.31
2020-07-28,9350.0,13600.0,17200.0,72.135,129.62,188.54,238.44
2020-07-29,9400.0,13680.0,17270.0,72.195,130.2,189.49,239.21
2020-07-30,9580.0,13690.0,17250.0,72.255,132.59,189.47,238.74
2020-07-31,9740.0,13800.0,17350.0,72.315,134.69,190.83,239.92
2020-08-03,9425.0,13740.0,17350.0,72.515,129.97,189.48,239.26
2020-08-04,9480.0,13750.0,17225.0,72.565,130.64,189.49,237.37
2020-08-05,9410.0,13760.0,17300.0,72.615,129.59,189.49,238.24
2020-08-06,9500.0,13700.0,17390.0,72.695,130.68,188.46,239.22
2020-08-07,9400.0,13400.0,17340.0,72.765,129.18,184.15,238.3
2020-08-10,9750.0,13400.0,17500.0,72.945,133.66,183.7,239.91
2020-08-11,9850.0,13600.0,17400.0,72.995,134.94,186.31,238.37
2020-08-12,10100.0,13600.0,17510.0,73.045,138.27,186.19,239.72
2020-08-13,10250.0,13600.0,17850.0,73.105,140.21,186.03,244.17
2020-08-14,10214.0,13570.0,17760.0,73.155,139.62,185.5,242.77
2020-08-18,10380.0,13650.0,18000.0,73.395,141.43,185.98,245.25
2020-08-19,10450.0,13700.0,18000.0,73.475,142.23,186.46,244.98
2020-08-20,10600.0,13750.0,17910.0,73.525,144.17,187.01,243.59
2020-08-21,10640.0,13900.0,17830.0,73.575,144.61,188.92,242.34
2020-08-24,10700.0,14100.0,17970.0,73.725,145.13,191.25,243.74
2020-08-25,11040.0,14100.0,18300.0,73.805,149.58,191.04,247.95
2020-08-26,11050.0,14200.0,18400.0,73.855,149.62,192.27,249.14
2020-08-27,11100.0,14300.0,18600.0,73.935,150.13,193.41,251.57
2020-08-28,11220.0,14310.0,18800.0,73.995,151.63,193.39,254.07
2020-08-31,11250.0,14340.0,19000.0,74.175,151.67,193.33,256.15
2020-09-01,11330.0,14440.0,19050.0,74.245,152.6,194.49,256.58
2020-09-02,11260.0,14500.0,19120.0,74.315,151.52,195.12,257.28
2020-09-03,11240.0,14600.0,19140.0,74.375,151.13,196.3,257.34
2020-09-04,11505.0,14500.0,19230.0,74.435,154.56,194.8,258.35
2020-09-07,11350.0,14600.0,19300.0,74.645,152.05,195.59,258.56
2020-09-08,11400.0,14700.0,19380.0,74.705,152.6,196.77,259.42
2020-09-09,11410.0,14750.0,19550.0,74.765,152.61,197.28,261.49
2020-09-10,11670.0,14710.0,19650.0,74.835,155.94,196.57,262.58
2020-09-11,11900.0,14710.0,20020.0,74.905,158.87,196.38,267.27
2020-09-14,11900.0,14710.0,20120.0,75.115,158.42,195.83,267.86
2020-09-15,12000.0,14710.0,20180.0,75.185,159.61,195.65,268.4
2020-09-16,12080.0,14750.0,20700.0,75.245,160.54,196.03,275.1
2020-09-17,12410.0,14800.0,21010.0,75.315,164.77,196.51,278.96
2020-09-18,12810.0,14880.0,21650.0,75.375,169.95,197.41,287.23
2020-09-21,12470.0,14920.0,21400.0,75.585,164.98,197.39,283.12
2020-09-22,12490.0,14950.0,21650.0,75.645,165.11,197.63,286.21
2020-09-23,12540.0,15000.0,21800.0,75.715,165.62,198.11,287.92
2020-09-24,12370.0,14740.0,21100.0,75.775,163.25,194.52,278.46
2020-09-25,12220.0,14750.0,21300.0,75.845,161.12,194.48,280.84
2020-09-28,12210.0,15000.0,21100.0,76.055,160.54,197.23,277.43
2020-09-29,12150.0,15000.0,21100.0,76.115,159.63,197.07,277.21
2020-09-30,12570.0,14815.0,22030.0,76.175,165.01,194.49,289.2
2020-10-01,12950.0,15000.0,22850.0,76.245,169.85,196.73,299.69
2020-10-02,13080.0,15100.0,23100.0,76.945,169.99,196.24,300.21
2020-10-05,13140.0,15362.0,23100.0,77.0517,170.53,199.37,299.8
2020-10-06,13450.0,15376.0,23550.0,77.08,174.49,199.48,305.53
2020-10-07,13500.0,15382.0,23800.0,77.0967,175.1,199.52,308.7
2020-10-08,13850.0,15460.0,23920.0,77.1033,179.63,200.51,310.23
2020-10-09,13930.0,15400.0,24200.0,77.1083,180.66,199.72,313.84
2020-10-13,13950.0,15600.0,24100.0,77.4033,180.22,201.54,311.36
2020-10-14,14000.0,15650.0,24400.0,77.4217,180.83,202.14,315.16
2020-10-15,14300.0,15850.0,24600.0,77.46,184.61,204.62,317.58
2020-10-16,14800.0,16240.0,24700.0,77.5317,190.89,209.46,318.58
2020-10-19,15130.0,16300.0,25010.0,77.5767,195.03,210.11,322.39
2020-10-20,15496.0,16660.0,25500.0,77.6567,199.54,214.53,328.37
2020-10-21,15800.0,17000.0,25950.0,77.7133,203.31,218.75,333.92
2020-10-22,16100.0,17130.0,26400.0,78.0467,206.29,219.48,338.26
2020-10-23,15860.0,17500.0,26535.0,78.0883,203.1,224.11,339.81
2020-10-26,15470.0,17500.0,26620.0,78.2067,197.81,223.77,340.38
2020-10-27,15540.0,17500.0,26600.0,78.2967,198.48,223.51,339.73
2020-10-28,15230.0,16900.0,26100.0,78.2983,194.51,215.84,333.34
2020-10-29,14840.0,16480.0,26090.0,78.2967,189.54,210.48,333.22
2020-10-30,14680.0,16300.0,25230.0,78.3283,187.42,208.1,322.11
2020-11-02,14750.0,16300.0,25150.0,78.69,187.44,207.14,319.61
2020-11-03,14950.0,16350.0,25600.0,78.9033,189.47,207.22,324.45
2020-11-04,14900.0,16300.0,26120.0,79.0233,188.55,206.27,330.54
2020-11-05,15000.0,16570.0,26550.0,79.0933,189.65,209.5,335.68
2020-11-06,14900.0,16570.0,26400.0,79.0933,188.39,209.5,333.78
2020-11-09,15037.0,16860.0,26650.0,79.3433,189.52,212.49,335.88
2020-11-10,15450.0,17100.0,27150.0,79.425,194.52,215.3,341.83
2020-11-11,15460.0,17100.0,27400.0,79.4783,194.52,215.15,344.75
2020-11-12,15460.0,17100.0,27300.0,79.575,194.28,214.89,343.07
2020-11-13,15500.0,17103.0,27600.0,79.7283,194.41,214.52,346.18
2020-11-16,15555.0,17200.0,27750.0,79.955,194.55,215.12,347.07
2020-11-17,15600.0,17165.0,28100.0,80.0283,194.93,214.49,351.13
2020-11-18,15990.0,17190.0,28390.0,80.1517,199.5,214.47,354.2
2020-11-19,15990.0,17050.0,28300.0,80.2717,199.2,212.4,352.55
2020-11-20,16000.0,16670.0,28373.0,80.3583,199.11,207.45,353.08
2020-11-24,15700.0,16340.0,27770.0,80.6917,194.57,202.5,344.15
2020-11-25,15715.0,16440.0,27800.0,80.7917,194.51,203.49,344.09
2020-11-26,15735.0,16550.0,27840.0,80.8883,194.53,204.6,344.18
2020-11-27,15790.0,16900.0,27900.0,81.0383,194.85,208.54,344.28
2020-11-30,15815.0,17030.0,27375.0,81.2967,194.53,209.48,336.73
2020-12-01,15880.0,17140.0,27580.0,81.395,195.1,210.58,338.84
2020-12-02,15900.0,17355.0,27070.0,81.475,195.15,213.01,332.25
2020-12-03,16000.0,17410.0,27320.0,81.5617,196.17,213.46,334.96
2020-12-04,16100.0,17500.0,26870.0,81.6517,197.18,214.32,329.08
2020-12-09,16200.0,17700.0,26650.0,82.045,197.45,215.74,324.82
2020-12-10,16400.0,18350.0,26710.0,82.13,199.68,223.43,325.22
2020-12-11,16400.0,18450.0,27030.0,82.215,199.48,224.41,328.77
2020-12-14,16350.0,18050.0,27250.0,82.4567,198.29,218.9,330.48
2020-12-15,16260.0,18120.0,27630.0,82.535,197.01,219.54,334.77
2020-12-16,16350.0,18300.0,27850.0,82.6267,197.88,221.48,337.06
2020-12-17,16500.0,18480.0,27630.0,82.7217,199.46,223.4,334.01
2020-12-18,16610.0,18590.0,27600.0,82.8383,200.51,224.41,333.18
2020-12-21,16650.0,18700.0,27800.0,83.1483,200.24,224.9,334.34
2020-12-22,16600.0,18700.0,27960.0,83.2483,199.4,224.63,335.86
2020-12-23,16550.0,18835.0,28300.0,83.3583,198.54,225.95,339.5
2020-12-28,16700.0,19050.0,28460.0,83.905,199.03,227.04,339.19
2020-12-29,17150.0,19050.0,28830.0,84.025,204.11,226.72,343.11
2020-12-30,17000.0,19000.0,28880.0,84.145,202.03,225.8,343.22
2021-01-04,16900.0,19100.0,29150.0,84.7033,199.52,225.49,344.14
2021-01-05,16920.0,19040.0,29440.0,84.7967,199.54,224.54,347.18
2021-01-06,16700.0,19000.0,29440.0,84.9033,196.69,223.78,346.75
2021-01-07,16950.0,19100.0,29150.0,85.0,199.41,224.71,342.94
2021-01-08,17000.0,19300.0,29450.0,85.105,199.75,226.78,346.04
2021-01-11,17350.0,19300.0,29550.0,85.3783,203.21,226.05,346.11
2021-01-12,17400.0,19780.0,30000.0,85.465,203.59,231.44,351.02
2021-01-13,17925.0,19800.0,30050.0,85.555,209.51,231.43,351.24
2021-01-14,18200.0,19880.0,30330.0,85.645,212.51,232.12,354.14
2021-01-15,17965.0,20050.0,30025.0,85.735,209.54,233.86,350.21
2021-01-18,17865.0,20270.0,30140.0,86.0667,207.57,235.52,350.19
2021-01-19,18150.0,20270.0,29500.0,86.1967,210.56,235.16,342.24
2021-01-20,17920.0,20330.0,29350.0,86.32,207.6,235.52,340.01
2021-01-21,17675.0,20270.0,29100.0,86.4283,204.5,234.53,336.7
2021-01-22,17300.0,20040.0,28300.0,86.5467,199.89,231.55,326.99
2021-01-25,17340.0,19680.0,28440.0,86.9117,199.51,226.44,327.23
2021-01-26,17800.0,19650.0,28700.0,87.0217,204.55,225.81,329.8
2021-01-27,17380.0,19300.0,28350.0,87.1233,199.49,221.53,325.4
2021-01-28,17400.0,19200.0,28540.0,87.2167,199.5,220.14,327.23
2021-01-29,17430.0,19200.0,28750.0,87.2983,199.66,219.94,329.33
2021-02-01,17480.0,19270.0,28800.0,87.605,199.53,219.96,328.75
2021-02-02,17650.0,19150.0,28875.0,87.7033,201.25,218.35,329.24
2021-02-03,17700.0,19050.0,29170.0,87.805,201.58,216.96,332.21
2021-02-04,17910.0,19100.0,29120.0,87.905,203.74,217.28,331.27
2021-02-05,17910.0,18900.0,29100.0,88.005,203.51,214.76,330.66
2021-02-08,18170.0,19000.0,29000.0,88.165,206.09,215.51,328.93
2021-02-09,17950.0,18870.0,29200.0,88.275,203.34,213.76,330.78
2021-02-10,17630.0,18900.0,28550.0,88.355,199.54,213.91,323.13
2021-02-11,17650.0,18900.0,29000.0,88.45,199.55,213.68,327.87
2021-02-12,17670.0,18700.0,29100.0,88.5383,199.57,211.21,328.67
2021-02-17,18150.0,18635.0,29375.0,88.945,204.06,209.51,330.26
2021-02-18,18170.0,18840.0,29150.0,89.045,204.05,211.58,327.36
2021-02-19,18050.0,18680.0,29350.0,89.1567,202.45,209.52,329.2
2021-02-22,17845.0,18920.0,29200.0,89.4383,199.52,211.54,326.48
2021-02-23,18310.0,18760.0,29550.0,89.535,204.5,209.53,330.04
2021-02-24,17900.0,18790.0,29620.0,89.6383,199.69,209.62,330.44
2021-02-25,17680.0,18900.0,29350.0,89.7533,196.98,210.58,327.01
2021-02-26,17700.0,18750.0,29370.0,89.825,197.05,208.74,326.97
2021-03-01,17440.0,18850.0,29250.0,90.085,193.59,209.25,324.69
2021-03-02,17360.0,19250.0,29440.0,90.155,192.56,213.52,326.55
2021-03-03,17120.0,19170.0,29350.0,90.2233,189.75,212.47,325.3
2021-03-04,17210.0,19300.0,29730.0,90.295,190.6,213.74,329.25
2021-03-05,17680.0,19300.0,29760.0,90.365,195.65,213.58,329.33
2021-03-08,17440.0,19450.0,29800.0,90.5817,192.53,214.72,328.98
2021-03-09,17620.0,19500.0,29960.0,90.6517,194.37,215.11,330.5
2021-03-10,17370.0,19550.0,29870.0,90.7233,191.46,215.49,329.24
2021-03-11,17400.0,19500.0,30000.0,90.7867,191.66,214.79,330.44
2021-03-12,17315.0,19500.0,30000.0,90.855,190.58,214.63,330.2
2021-03-15,17720.0,19550.0,30270.0,91.0667,194.58,214.68,332.39
2021-03-16,18185.0,19640.0,30370.0,91.135,199.54,215.5,333.24
2021-03-17,18185.0,19656.0,30120.0,91.205,199.39,215.51,330.25
2021-03-18,17900.0,19585.0,30050.0,91.28,196.1,214.56,329.21
2021-03-19,18232.0,19690.0,30300.0,91.3567,199.57,215.53,331.67
2021-03-22,18090.0,19740.0,30240.0,91.5683,197.56,215.58,330.25
2021-03-23,18290.0,19950.0,30360.0,91.6367,199.59,217.71,331.31
2021-03-25,18300.0,20100.0,30220.0,91.7767,199.4,219.01,329.28
2021-03-26,18400.0,20000.0,30100.0,91.8483,200.33,217.75,327.71
2021-03-29,17980.0,19550.0,29900.0,91.9217,195.6,212.68,325.28
2021-03-30,17800.0,19500.0,29450.0,91.9583,193.57,212.05,320.25
2021-03-31,18450.0,19250.0,30600.0,91.985,200.58,209.27,332.66
2021-04-05,18410.0,19300.0,29910.0,92.2367,199.6,209.24,324.27
2021-04-06,18500.0,19300.0,30110.0,92.2867,200.46,209.13,326.27
2021-04-07,18700.0,19300.0,29800.0,92.335,202.52,209.02,322.74
2021-04-08,19270.0,19400.0,30050.0,92.3867,208.58,209.99,325.26
2021-04-09,19280.0,19480.0,29990.0,92.435,208.58,210.74,324.44
2021-04-12,18940.0,19500.0,29560.0,92.5817,204.58,210.62,319.29
2021-04-13,19390.0,19450.0,29780.0,92.6283,209.33,209.98,321.5
2021-04-14,19350.0,19400.0,30240.0,92.6767,208.79,209.33,326.3
2021-04-15,19415.0,19400.0,30250.0,92.725,209.38,209.22,326.23
2021-04-16,19400.0,19448.0,30746.0,92.7767,209.1,209.62,331.4
2021-04-19,19600.0,19600.0,30690.0,92.9267,210.92,210.92,330.26
2021-04-20,19620.0,19620.0,31310.0,92.975,211.02,211.02,336.76
2021-04-21,19760.0,19680.0,31560.0,93.025,212.42,211.56,339.26
2021-04-22,19950.0,19900.0,32320.0,93.075,214.34,213.81,347.25
2021-04-23,19960.0,19980.0,32380.0,93.125,214.34,214.55,347.7
2021-04-26,19830.0,20400.0,32250.0,93.275,212.6,218.71,345.75
2021-04-27,19930.0,20400.0,31750.0,93.335,213.53,218.57,340.17
2021-04-28,20050.0,20350.0,31700.0,93.4167,214.63,217.84,339.34
2021-04-29,20060.0,20520.0,31000.0,93.5,214.55,219.47,331.55
2021-04-30,20540.0,20500.0,30810.0,93.555,219.55,219.12,329.32
2021-05-03,20940.0,20560.0,30900.0,93.675,223.54,219.48,329.86
2021-05-04,21550.0,21040.0,31420.0,93.715,229.95,224.51,335.27
2021-05-05,22270.0,21050.0,31700.0,93.755,237.53,224.52,338.12
2021-05-06,22300.0,21500.0,32300.0,93.795,237.75,229.22,344.37
2021-05-07,22940.0,21930.0,33000.0,93.835,244.47,233.71,351.68
2021-05-10,22300.0,21400.0,32800.0,93.925,237.42,227.84,349.21
2021-05-11,22800.0,21550.0,33500.0,93.955,242.67,229.37,356.55
2021-05-12,22040.0,21570.0,33950.0,93.985,234.51,229.5,361.23
2021-05-13,20920.0,21580.0,32370.0,94.015,222.52,229.54,344.31
2021-05-14,20175.0,21590.0,32320.0,94.045,214.52,229.57,343.67
2021-05-17,20220.0,21610.0,32600.0,94.135,214.8,229.56,346.31
2021-05-18,20200.0,21610.0,32550.0,94.165,214.52,229.49,345.67
2021-05-19,19730.0,21600.0,32400.0,94.21,209.43,229.28,343.91
2021-05-20,20200.0,21300.0,32350.0,94.245,214.33,226.01,343.25
2021-05-21,19760.0,20700.0,32925.0,94.2767,209.6,219.57,349.24
2021-05-26,19100.0,20500.0,32055.0,94.485,202.15,216.97,339.26
2021-05-27,20280.0,20600.0,32543.0,94.525,214.55,217.93,344.28
2021-05-28,19815.0,20665.0,31990.0,94.565,209.54,218.53,338.29
2021-05-31,19570.0,20700.0,32050.0,94.685,206.69,218.62,338.49
2021-06-01,20325.0,20700.0,32350.0,94.735,214.55,218.5,341.48
2021-06-02,19860.0,20700.0,32150.0,94.775,209.55,218.41,339.22
2021-06-03,19700.0,20720.0,31770.0,94.815,207.77,218.53,335.07
2021-06-04,19900.0,20830.0,31710.0,94.86,209.78,219.59,334.28
2021-06-07,19500.0,20830.0,31620.0,94.975,205.32,219.32,332.93
2021-06-08,19720.0,20860.0,31670.0,95.015,207.55,219.54,333.32
2021-06-09,19450.0,20870.0,31500.0,95.055,204.62,219.56,331.39
2021-06-10,19550.0,20880.0,31100.0,95.0967,205.58,219.57,327.04
2021-06-11,19150.0,20700.0,30400.0,95.135,201.29,217.59,319.55
2021-06-14,18370.0,20650.0,29970.0,95.255,192.85,216.79,314.63
2021-06-15,18150.0,20500.0,29980.0,95.285,190.48,215.14,314.64
2021-06-16,18150.0,20300.0,29980.0,95.315,190.42,212.98,314.54
2021-06-17,17420.0,20000.0,28551.0,95.3517,182.69,209.75,299.43
2021-06-18,17890.0,19950.0,29500.0,95.3817,187.56,209.16,309.28
2021-06-22,17700.0,19500.0,29540.0,95.4967,185.35,204.2,309.33
2021-06-23,17600.0,19550.0,29550.0,95.53,184.24,204.65,309.33
2021-06-24,17640.0,19500.0,29170.0,95.5583,184.6,204.06,305.26
2021-06-25,17650.0,19100.0,29100.0,95.59,184.64,199.81,304.43
2021-06-28,17800.0,19100.0,29600.0,95.6833,186.03,199.62,309.35
2021-06-29,17900.0,19100.0,29400.0,95.705,187.03,199.57,307.19
2021-06-30,18245.0,19100.0,30375.0,95.7267,190.59,199.53,317.31
2021-07-01,18400.0,19210.0,30680.0,95.7667,192.13,200.59,320.36
2021-07-02,18115.0,19310.0,31060.0,95.795,189.1,201.58,324.23
2021-07-05,18100.0,19330.0,31150.0,95.89,188.76,201.59,324.85
2021-07-06,17040.0,19350.0,30000.0,95.9183,177.65,201.73,312.77
2021-07-07,17250.0,19400.0,30500.0,95.9483,179.78,202.19,317.88
2021-07-08,17350.0,19400.0,30680.0,95.9767,180.77,202.13,319.66
2021-07-12,17520.0,19490.0,31215.0,96.095,182.32,202.82,324.83
2021-07-13,17960.0,19660.0,31650.0,96.125,186.84,204.53,329.26
2021-07-14,19190.0,19900.0,31800.0,96.155,199.57,206.96,330.72
2021-07-15,18500.0,20000.0,31900.0,96.185,192.34,207.93,331.65
2021-07-16,18550.0,20150.0,32500.0,96.215,192.8,209.43,337.79
2021-07-19,18100.0,20200.0,31800.0,96.305,187.94,209.75,330.2
2021-07-20,18100.0,20200.0,32300.0,96.335,187.89,209.68,335.29
2021-07-21,18500.0,20200.0,32310.0,96.365,191.98,209.62,335.29
2021-07-22,17900.0,20200.0,31850.0,96.395,185.69,209.55,330.41
2021-07-23,17800.0,20210.0,31850.0,96.4317,184.59,209.58,330.29
2021-07-26,17540.0,20230.0,31800.0,96.5267,181.71,209.58,329.44
2021-07-27,17830.0,20230.0,32020.0,96.5783,184.62,209.47,331.54
2021-07-28,17550.0,20230.0,32050.0,96.635,181.61,209.34,331.66
2021-07-29,18000.0,20000.0,32400.0,96.6667,186.21,206.9,335.17
2021-07-30,18050.0,19780.0,31940.0,96.685,186.69,204.58,330.35
2021-08-02,18150.0,21070.0,32200.0,96.7817,187.54,217.71,332.71
2021-08-03,18300.0,20700.0,31880.0,96.8133,189.02,213.81,329.29
2021-08-04,18360.0,20290.0,31980.0,96.8433,189.58,209.51,330.22
2021-08-05,18370.0,20980.0,32390.0,96.875,189.63,216.57,334.35
2021-08-06,18470.0,21200.0,32400.0,96.9083,190.59,218.76,334.34
2021-08-09,18400.0,21250.0,31950.0,96.9967,189.7,219.08,329.39
2021-08-10,18400.0,21300.0,32450.0,97.0283,189.64,219.52,334.44
2021-08-11,18500.0,21790.0,32600.0,97.0517,190.62,224.52,335.9
2021-08-12,18980.0,22280.0,32900.0,97.0767,195.52,229.51,338.91
2021-08-13,19150.0,22580.0,33200.0,97.105,197.21,232.53,341.9
2021-08-17,18440.0,22030.0,33380.0,97.23,189.65,226.58,343.31
2021-08-18,18440.0,22030.0,33530.0,97.265,189.59,226.49,344.73
2021-08-19,17960.0,22040.0,33010.0,97.2883,184.61,226.54,339.3
2021-08-20,17965.0,22040.0,33200.0,97.315,184.61,226.48,341.16
2021-08-23,18100.0,22065.0,33050.0,97.4117,185.81,226.51,339.28
2021-08-24,18480.0,22000.0,33600.0,97.4367,189.66,225.79,344.84
2021-08-25,18580.0,22180.0,33710.0,97.4833,190.6,227.53,345.8
2021-08-26,18600.0,22300.0,33970.0,97.545,190.68,228.61,348.25
2021-08-27,18650.0,22780.0,33420.0,97.5667,191.15,233.48,342.53
2021-08-30,17845.0,22430.0,32760.0,97.7167,182.62,229.54,335.25
2021-08-31,18050.0,22350.0,32750.0,97.7517,184.65,228.64,335.03
2021-09-01,18150.0,22350.0,32550.0,97.78,185.62,228.57,332.89
2021-09-02,18550.0,22360.0,32900.0,97.8333,189.61,228.55,336.29
2021-09-03,18600.0,22460.0,33300.0,97.8683,190.05,229.49,340.25
2021-09-06,18550.0,22460.0,33250.0,97.95,189.38,229.3,339.46
2021-09-07,18680.0,22500.0,33000.0,97.9883,190.64,229.62,336.77
2021-09-08,18970.0,22500.0,33260.0,98.0233,193.53,229.54,339.31
2021-09-09,19080.0,22500.0,33270.0,98.05,194.59,229.47,339.32
2021-09-10,19120.0,22515.0,33300.0,98.0967,194.91,229.52,339.46
2021-09-13,19138.0,22540.0,33610.0,98.2083,194.87,229.51,342.23
2021-09-14,19400.0,22540.0,33950.0,98.22,197.52,229.48,345.65
2021-09-15,19620.0,22550.0,34315.0,98.245,199.7,229.53,349.28
2021-09-16,19820.0,22560.0,34350.0,98.3117,201.6,229.47,349.4
2021-09-17,19680.0,22700.0,34360.0,98.3483,200.11,230.81,349.37
2021-09-20,20050.0,22700.0,33800.0,98.4817,203.59,230.5,343.21
2021-09-21,19900.0,22700.0,34100.0,98.4917,202.05,230.48,346.22
2021-09-22,19900.0,22800.0,34400.0,98.505,202.02,231.46,349.22
2021-09-23,19960.0,23110.0,34420.0,98.5183,202.6,234.58,349.38
2021-09-24,20160.0,23600.0,34430.0,98.56,204.55,239.45,349.33
2021-09-27,20170.0,23330.0,34460.0,98.6683,204.42,236.45,349.25
2021-09-28,19990.0,23630.0,33970.0,98.6817,202.57,239.46,344.24
2021-09-29,20200.0,23650.0,34050.0,98.705,204.65,239.6,344.97
2021-09-30,19900.0,23650.0,33900.0,98.735,201.55,239.53,343.34
2021-10-01,19420.0,23960.0,33820.0,98.7817,196.6,242.56,342.37
2021-10-04,19340.0,24070.0,33840.0,98.885,195.58,243.41,342.22
2021-10-05,19245.0,24180.0,34140.0,98.9,194.59,244.49,345.2
2021-10-06,19250.0,24185.0,34150.0,98.9217,194.6,244.49,345.22
2021-10-07,19600.0,24190.0,34450.0,98.945,198.09,244.48,348.17
2021-10-12,18750.0,24230.0,33650.0,99.1,189.2,244.5,339.56
2021-10-13,18300.0,23740.0,34030.0,99.125,184.62,239.5,343.3
2021-10-14,18550.0,23550.0,34600.0,99.155,187.08,237.51,348.95
2021-10-15,18810.0,23755.0,34740.0,99.185,189.65,239.5,350.25
2021-10-18,19000.0,22800.0,34870.0,99.275,191.39,229.67,351.25
2021-10-19,19100.0,22800.0,35185.0,99.305,192.34,229.6,354.31
2021-10-20,19200.0,22780.0,35695.0,99.3383,193.28,229.32,359.33
2021-10-21,19200.0,22710.0,35100.0,99.3683,193.22,228.54,353.23
2021-10-22,19200.0,22715.0,34900.0,99.3983,193.16,228.53,351.11
2021-10-25,19000.0,22735.0,35045.0,99.4933,190.97,228.51,352.23
2021-10-26,19000.0,22500.0,35000.0,99.5267,190.9,226.07,351.66
2021-10-27,19000.0,22800.0,34950.0,99.6167,190.73,228.88,350.84
2021-10-28,19000.0,22800.0,34920.0,99.6917,190.59,228.71,350.28
2021-10-29,19110.0,22900.0,34850.0,99.7217,191.63,229.64,349.47
2021-11-01,19230.0,23160.0,35050.0,99.825,192.64,232.01,351.11
2021-11-02,19230.0,23920.0,35220.0,99.8533,192.58,239.55,352.72
2021-11-03,19350.0,23630.0,35150.0,99.9033,193.69,236.53,351.84
2021-11-04,19150.0,24340.0,34620.0,99.9517,191.59,243.52,346.37
2021-11-05,19120.0,24000.0,34300.0,99.9467,191.3,240.13,343.18
2021-11-08,19475.0,24070.0,34000.0,100.05,194.65,240.58,339.83
2021-11-09,19980.0,24180.0,34530.0,100.0983,199.6,241.56,344.96
2021-11-10,19990.0,24480.0,34750.0,100.1433,199.61,244.45,347.0
2021-11-11,19995.0,24290.0,34780.0,100.175,199.6,242.48,347.19
2021-11-12,20000.0,24100.0,35100.0,100.2267,199.55,240.45,350.21
2021-11-15,20020.0,23650.0,35900.0,100.2917,199.62,235.81,357.96
2021-11-16,20050.0,23700.0,35800.0,100.3083,199.88,236.27,356.9
2021-11-17,20260.0,23550.0,36180.0,100.3583,201.88,234.66,360.51
2021-11-18,20250.0,23550.0,35900.0,100.4067,201.68,234.55,357.55
2021-11-19,20250.0,23050.0,35900.0,100.465,201.56,229.43,357.34
2021-11-23,20510.0,22600.0,35880.0,100.595,203.89,224.66,356.68
2021-11-24,20735.0,22900.0,35730.0,100.6233,206.07,227.58,355.09
2021-11-25,20800.0,23300.0,35770.0,100.6833,206.59,231.42,355.27
2021-11-26,20900.0,23600.0,35050.0,100.7583,207.43,234.22,347.86
2021-11-29,20950.0,23800.0,35050.0,100.9233,207.58,235.82,347.29
2021-11-30,20450.0,23400.0,34260.0,100.925,202.63,231.86,339.46
2021-12-01,20760.0,23100.0,34900.0,101.005,205.53,228.7,345.53
2021-12-02,21200.0,23000.0,35315.0,101.07,209.76,227.57,349.41
2021-12-03,21300.0,23350.0,36050.0,101.155,210.57,230.83,356.38
2021-12-06,21320.0,23500.0,35680.0,101.3233,210.42,231.93,352.14
2021-12-07,21650.0,24100.0,35800.0,101.365,213.58,237.75,353.18
2021-12-09,21790.0,24220.0,35880.0,101.5083,214.66,238.6,353.47
2021-12-10,21840.0,24400.0,36150.0,101.58,215.0,240.2,355.88
2021-12-13,21620.0,24200.0,36030.0,101.725,212.53,237.9,354.19
2021-12-14,21940.0,24380.0,36570.0,101.7733,215.58,239.55,359.33
2021-12-15,22000.0,24180.0,36480.0,101.83,216.05,237.45,358.24
2021-12-16,22070.0,24410.0,36850.0,101.8883,216.61,239.58,361.67
2021-12-17,22300.0,24700.0,37050.0,101.9667,218.7,242.24,363.35
2021-12-20,22450.0,24970.0,36950.0,102.145,219.79,244.46,361.74
2021-12-21,22650.0,25000.0,37350.0,102.2017,221.62,244.61,365.45
2021-12-22,23060.0,24850.0,37600.0,102.2767,225.47,242.97,367.63
2021-12-23,22700.0,24700.0,37780.0,102.33,221.83,241.38,369.2
2021-12-27,23000.0,24750.0,38500.0,102.5667,224.24,241.31,375.37
2021-12-28,23000.0,24600.0,38820.0,102.62,224.13,239.72,378.29
2021-12-29,23050.0,24600.0,38600.0,102.69,224.46,239.56,375.89
2021-12-30,22900.0,24400.0,37800.0,102.75,222.87,237.47,367.88
2022-01-03,23050.0,24400.0,38300.0,103.04,223.7,236.8,371.7
2022-01-04,23150.0,24280.0,38890.0,103.08,224.58,235.55,377.28
2022-01-05,23676.0,24400.0,39150.0,103.15,229.53,236.55,379.54
2022-01-06,23250.0,24400.0,39300.0,103.23,225.23,236.37,380.7
2022-01-07,23500.0,24250.0,40000.0,103.29,227.51,234.78,387.26
2022-01-10,23700.0,24350.0,39570.0,103.5083,228.97,235.25,382.29
2022-01-11,23773.0,24360.0,39850.0,103.5767,229.52,235.19,384.74
2022-01-12,23850.0,24470.0,40250.0,103.6417,230.12,236.1,388.36
2022-01-13,23870.0,24500.0,39770.0,103.7433,230.09,236.16,383.35
2022-01-14,23850.0,24510.0,40208.0,103.8467,229.67,236.02,387.19
2022-01-17,23890.0,24520.0,40000.0,104.07,229.56,235.61,384.36
2022-01-18,23750.0,24050.0,40250.0,104.1867,227.96,230.84,386.33
2022-01-19,23750.0,24350.0,41050.0,104.2383,227.84,233.6,393.81
2022-01-20,23900.0,24300.0,41435.0,104.3033,229.14,232.97,397.25
2022-01-21,23700.0,24500.0,40700.0,104.3533,227.11,234.78,390.02
2022-01-24,23800.0,24500.0,40000.0,104.5317,227.68,234.38,382.66
2022-01-25,24300.0,25500.0,40100.0,104.6033,232.31,243.78,383.35
2022-01-26,24300.0,25400.0,40755.0,104.6833,232.13,242.64,389.32
2022-01-27,24400.0,25400.0,40900.0,104.7583,232.92,242.46,390.42
2022-01-28,24400.0,25500.0,41600.0,104.8267,232.77,243.26,396.85
2022-01-31,24540.0,25230.0,41800.0,105.015,233.68,240.25,398.04
2022-02-01,25050.0,25250.0,42493.0,105.135,238.27,240.17,404.18
2022-02-02,24700.0,25200.0,42525.0,105.2167,234.75,239.51,404.17
2022-02-03,24300.0,25230.0,42570.0,105.31,230.75,239.58,404.24
2022-02-04,24720.0,25250.0,43130.0,105.415,234.5,239.53,409.14
2022-02-07,25300.0,25315.0,43780.0,105.695,239.37,239.51,414.21
2022-02-08,24950.0,25350.0,43650.0,105.795,235.83,239.61,412.59
2022-02-09,25150.0,25690.0,44180.0,105.905,237.48,242.58,417.17
2022-02-10,25400.0,25700.0,44860.0,106.005,239.61,242.44,423.19
2022-02-11,25530.0,25800.0,44950.0,106.1133,240.59,243.14,423.6
2022-02-14,25050.0,25850.0,44700.0,106.3917,235.45,242.97,420.15
2022-02-15,25290.0,25870.0,44740.0,106.4767,237.52,242.96,420.19
2022-02-16,25530.0,25637.0,45530.0,106.575,239.55,240.55,427.21
2022-02-17,25550.0,25750.0,45700.0,106.6767,239.51,241.38,428.4
2022-02-18,25690.0,25800.0,45830.0,106.7783,240.59,241.62,429.21
2022-02-21,26175.0,25850.0,45830.0,107.055,244.5,241.46,428.1
2022-02-22,26650.0,26750.0,46550.0,107.1567,248.7,249.63,434.41
2022-02-23,26770.0,27500.0,47540.0,107.3,249.49,256.29,443.06
2022-02-24,27870.0,30000.0,48130.0,107.3933,259.51,279.35,448.17
2022-02-25,26200.0,28960.0,46900.0,107.4417,243.85,269.54,436.52
2022-03-02,29625.0,32535.0,49340.0,107.935,274.47,301.43,457.13
2022-03-03,31200.0,34180.0,50500.0,108.0383,288.79,316.37,467.43
2022-03-04,32380.0,35600.0,50620.0,108.1617,299.37,329.14,468.0
2022-03-07,31630.0,35390.0,51305.0,108.4517,291.65,326.32,473.07
2022-03-08,32450.0,35650.0,52990.0,108.5567,298.92,328.4,488.13
2022-03-09,32540.0,35650.0,54000.0,108.6767,299.42,328.04,496.89
2022-03-10,33114.0,35855.0,54250.0,108.7833,304.4,329.6,498.7
2022-03-11,33075.0,35800.0,53800.0,108.8867,303.76,328.78,494.09
2022-03-14,31600.0,34700.0,50800.0,109.21,289.35,317.74,465.16
2022-03-15,31650.0,34600.0,51000.0,109.305,289.56,316.55,466.58
2022-03-16,30300.0,33310.0,50000.0,109.4267,276.9,304.4,456.93
2022-03-17,30330.0,32850.0,49800.0,109.52,276.94,299.95,454.71
2022-03-18,29565.0,32850.0,48180.0,109.6367,269.66,299.63,439.45
2022-03-21,29640.0,33700.0,48840.0,109.9917,269.47,306.39,444.03
2022-03-22,29665.0,34600.0,49160.0,110.0717,269.51,314.34,446.62
2022-03-23,29150.0,34600.0,49700.0,110.185,264.56,314.02,451.06
2022-03-25,28650.0,34800.0,50350.0,110.39,259.53,315.25,456.11
2022-03-28,27850.0,34300.0,48200.0,110.7033,251.57,309.84,435.4
2022-03-29,27100.0,33180.0,46900.0,110.8033,244.58,299.45,423.27
2022-03-30,27610.0,33980.0,47600.0,110.9167,248.93,306.36,429.15
2022-03-31,27700.0,34240.0,47100.0,110.9783,249.6,308.53,424.41
2022-04-01,27510.0,34385.0,46030.0,111.125,247.56,309.43,414.22
2022-04-04,28400.0,34800.0,46775.0,111.5583,254.58,311.94,419.29
2022-04-05,28700.0,35680.0,47600.0,111.6983,256.94,319.43,426.15
2022-04-06,28650.0,35720.0,47120.0,111.8433,256.16,319.38,421.3
2022-04-07,28650.0,36270.0,48060.0,111.9783,255.85,323.9,429.19
2022-04-08,28900.0,36800.0,48710.0,112.13,257.74,328.19,434.41
2022-04-11,29000.0,37500.0,48320.0,112.5917,257.57,333.06,429.16
2022-04-12,29265.0,38050.0,48970.0,112.735,259.59,337.52,434.38
2022-04-13,29250.0,38350.0,49620.0,112.9133,259.05,339.64,439.45
2022-04-18,29830.0,39500.0,50475.0,113.6617,262.45,347.52,444.08
2022-04-19,30580.0,40250.0,50550.0,113.7867,268.75,353.73,444.25
2022-04-20,30715.0,41180.0,50965.0,113.9483,269.55,361.39,447.26
2022-04-21,30800.0,41450.0,51150.0,114.1067,269.92,363.26,448.26
2022-04-22,30540.0,42190.0,50750.0,114.2517,267.3,369.27,444.19
2022-04-25,30110.0,42250.0,50200.0,114.695,262.52,368.37,437.68
2022-04-26,30955.0,42420.0,50560.0,114.8417,269.54,369.38,440.26
2022-04-27,31300.0,42900.0,51105.0,115.005,272.16,373.03,444.37
2022-04-28,31620.0,43600.0,50600.0,115.1733,274.54,378.56,439.34
2022-04-29,32230.0,43740.0,50275.0,115.3117,279.5,379.32,435.99
2022-05-03,31000.0,43400.0,48700.0,115.875,267.53,374.54,420.28
2022-05-04,30560.0,43450.0,48670.0,116.015,263.41,374.52,419.51
2022-05-05,30700.0,43500.0,49300.0,116.1583,264.29,374.49,424.42
2022-05-06,30750.0,44000.0,48850.0,116.305,264.39,378.32,420.02
2022-05-09,30200.0,44150.0,48490.0,116.755,258.66,378.14,415.31
2022-05-10,30350.0,43770.0,49100.0,116.915,259.59,374.37,419.96
2022-05-11,30680.0,43900.0,49450.0,117.0883,262.02,374.93,422.33
2022-05-12,30500.0,44500.0,49280.0,117.2517,260.12,379.53,420.29
2022-05-13,30715.0,44430.0,50050.0,117.4067,261.61,378.43,426.3
2022-05-16,31700.0,44900.0,50250.0,117.8717,268.94,380.92,426.31
2022-05-17,31820.0,45380.0,50350.0,118.0383,269.57,384.45,426.56
2022-05-19,31900.0,44895.0,50560.0,118.3583,269.52,379.31,427.18
2022-05-20,31940.0,44350.0,50390.0,118.4917,269.55,374.29,425.26
2022-05-23,32060.0,44050.0,50110.0,118.9483,269.53,370.33,421.28
2022-05-24,32105.0,43640.0,50540.0,119.1017,269.56,366.41,424.34
2022-05-26,32450.0,43750.0,51260.0,119.4167,271.74,366.36,429.25
2022-05-27,32900.0,44160.0,51400.0,119.5583,275.18,369.36,429.92
2022-05-30,32700.0,44330.0,51520.0,120.005,272.49,369.4,429.32
2022-05-31,31800.0,44150.0,50500.0,120.1617,264.64,367.42,420.27
2022-06-01,31800.0,43250.0,49960.0,120.325,264.28,359.44,415.21
2022-06-02,30790.0,43890.0,50510.0,120.4683,255.59,364.33,419.28
2022-06-03,31800.0,43600.0,50120.0,120.6283,263.62,361.44,415.49
2022-06-06,31400.0,44000.0,50180.0,121.1083,259.27,363.31,414.34
2022-06-07,31960.0,44070.0,50330.0,121.2783,263.53,363.38,415.0
2022-06-08,32070.0,44250.0,50800.0,121.455,264.05,364.33,418.26
2022-06-09,31930.0,44200.0,51000.0,121.625,262.53,363.41,419.32
2022-06-10,31610.0,44250.0,50460.0,121.7933,259.54,363.32,414.31
2022-06-13,31020.0,43960.0,49450.0,122.2983,253.64,359.45,404.34
2022-06-14,31050.0,43300.0,49100.0,122.475,253.52,353.54,400.9
2022-06-15,30625.0,43180.0,49370.0,122.69,249.61,351.94,402.4
2022-06-16,31275.0,44040.0,49456.0,122.895,254.49,358.35,402.42
2022-06-21,29950.0,42600.0,48500.0,123.685,242.15,344.42,392.13
2022-06-22,30300.0,42700.0,47700.0,123.8617,244.63,344.74,385.11
2022-06-23,28620.0,41850.0,47080.0,124.0333,230.74,337.41,379.58
2022-06-24,29550.0,41930.0,47800.0,124.255,237.82,337.45,384.69
2022-06-27,29600.0,41710.0,47940.0,124.705,237.36,334.47,384.43
2022-06-28,29800.0,41750.0,48300.0,124.875,238.64,334.33,386.79
2022-06-29,29850.0,41830.0,48850.0,125.045,238.71,334.52,390.66
2022-06-30,28950.0,40200.0,48900.0,125.215,231.2,321.05,390.53
2022-07-01,27250.0,39300.0,47750.0,125.4117,217.28,313.37,380.75
2022-07-04,27250.0,39000.0,47200.0,125.9883,216.29,309.55,374.64
2022-07-05,26710.0,39150.0,46600.0,126.1833,211.68,310.26,369.3
2022-07-06,27200.0,39880.0,46800.0,126.3783,215.23,315.56,370.32
2022-07-07,28300.0,40650.0,47700.0,126.57,223.59,321.17,376.87
2022-07-08,30130.0,43550.0,49120.0,126.7783,237.66,343.51,387.45
2022-07-11,30260.0,43600.0,50250.0,127.3717,237.57,342.31,394.51
2022-07-12,29050.0,43000.0,48660.0,127.5733,227.71,337.06,381.43
2022-07-13,29350.0,43000.0,48660.0,127.7933,229.67,336.48,380.77
2022-07-14,29260.0,43580.0,48690.0,128.0167,228.56,340.42,380.34
2022-07-15,29050.0,43350.0,48900.0,128.2317,226.54,338.06,381.34
2022-07-18,29540.0,43570.0,49680.0,128.8983,229.17,338.02,385.42
2022-07-19,28900.0,43100.0,49250.0,129.1267,223.81,333.78,381.41
2022-07-20,29000.0,42630.0,49000.0,129.39,224.13,329.47,378.7
2022-07-21,28200.0,42430.0,48250.0,129.61,217.58,327.37,372.27
2022-07-22,27920.0,41250.0,48450.0,129.76,215.17,317.89,373.38
2022-07-25,27500.0,39060.0,48825.0,130.4033,210.88,299.53,374.42
2022-07-26,28735.0,39550.0,49650.0,130.6233,219.98,302.78,380.1
2022-07-27,29600.0,39950.0,50460.0,130.8933,226.14,305.21,385.5
2022-07-28,30310.0,40585.0,51190.0,131.125,231.15,309.51,390.39
2022-07-29,30310.0,40760.0,51800.0,131.2267,230.97,310.61,394.74
2022-08-01,29400.0,40165.0,49650.0,131.935,222.84,304.43,376.32
2022-08-02,29040.0,40260.0,49600.0,132.1783,219.7,304.59,375.25
2022-08-03,29088.0,40330.0,49200.0,132.41,219.68,304.58,371.57
2022-08-04,29800.0,40395.0,50850.0,132.6417,224.67,304.54,383.36
2022-08-05,29890.0,40470.0,50500.0,132.8867,224.93,304.55,380.02
2022-08-08,29870.0,39600.0,51350.0,133.56,223.64,296.5,384.47
2022-08-09,30100.0,40150.0,52200.0,133.8033,224.96,300.07,390.12
2022-08-10,30780.0,40800.0,52625.0,134.0383,229.64,304.39,392.61
2022-08-11,30840.0,41000.0,53160.0,134.2283,229.76,305.45,396.04
2022-08-12,30500.0,41100.0,53200.0,134.5183,226.73,305.53,395.49
2022-08-16,29450.0,40540.0,51080.0,135.395,217.51,299.42,377.27
2022-08-17,29650.0,40600.0,51560.0,135.57,218.71,299.48,380.32
2022-08-18,30050.0,40450.0,51650.0,135.7733,221.32,297.92,380.41
2022-08-19,30150.0,38200.0,51800.0,136.06,221.59,280.76,380.71
2022-08-22,30290.0,38340.0,52390.0,136.685,221.6,280.5,383.29
2022-08-23,31250.0,38970.0,53130.0,136.9033,228.26,284.65,388.08
2022-08-24,31025.0,39200.0,52930.0,137.145,226.22,285.83,385.94
2022-08-25,30700.0,39250.0,51700.0,137.3933,223.45,285.68,376.29
2022-08-26,30600.0,39325.0,53075.0,137.6517,222.3,285.68,385.57
2022-08-29,31550.0,38950.0,52620.0,138.325,228.09,281.58,380.41
2022-08-30,31280.0,38950.0,52600.0,138.5717,225.73,281.08,379.59
2022-08-31,31350.0,39481.0,52300.0,138.7133,226.01,284.62,377.04
2022-09-02,31653.0,39844.0,52000.0,139.005,227.71,286.64,374.09
2022-09-05,32215.0,41300.0,72420.0,140.2,229.78,294.58,516.55
2022-09-06,32600.0,42100.0,69050.0,140.5783,231.9,299.48,491.19
2022-09-07,32600.0,42200.0,68950.0,140.82,231.5,299.67,489.63
2022-09-08,32800.0,42200.0,67000.0,141.1767,232.33,298.92,474.58
2022-09-09,33320.0,42350.0,68300.0,141.375,235.69,299.56,483.11
2022-09-12,34100.0,42650.0,70080.0,142.275,239.68,299.77,492.57
2022-09-13,34000.0,43000.0,70000.0,142.575,238.47,301.6,490.97
2022-09-14,34100.0,43000.0,71000.0,142.875,238.67,300.96,496.94
2022-09-15,34150.0,43000.0,70000.0,143.1817,238.51,300.32,488.89
2022-09-16,34350.0,43000.0,70000.0,143.4967,239.38,299.66,487.82
2022-09-19,33735.0,43250.0,70000.0,144.345,233.71,299.63,484.95
2022-09-20,33945.0,43330.0,70000.0,144.6317,234.7,299.59,483.99
2022-09-21,34150.0,44000.0,69000.0,144.9033,235.67,303.65,476.18
2022-09-22,34600.0,45200.0,67000.0,145.1683,238.34,311.36,461.53
2022-09-23,34000.0,45750.0,63000.0,145.4583,233.74,314.52,433.11
2022-09-26,33600.0,44550.0,62000.0,146.2633,229.72,304.59,423.89
2022-09-27,34105.0,44950.0,63200.0,146.5583,232.71,306.7,431.23
2022-09-28,34460.0,45500.0,63000.0,146.8383,234.68,309.86,429.04
2022-09-29,35100.0,45800.0,63200.0,147.09,238.63,311.37,429.67
2022-09-30,35310.0,46350.0,62000.0,147.315,239.69,314.63,420.87
2022-10-03,35530.0,46920.0,49500.0,148.2433,239.67,316.51,333.91
2022-10-04,35750.0,47300.0,49500.0,148.5767,240.62,318.35,333.16
2022-10-05,36570.0,47570.0,49500.0,148.9133,245.58,319.45,332.41
2022-10-06,35800.0,47980.0,49500.0,149.1983,239.95,321.59,331.77
2022-10-11,37000.0,49660.0,52000.0,150.7283,245.47,329.47,344.99
2022-10-12,37000.0,51280.0,60650.0,151.0267,244.99,339.54,401.58
2022-10-13,37500.0,51350.0,57500.0,151.3217,247.82,339.34,379.99
2022-10-14,37200.0,52000.0,57600.0,151.6283,245.34,342.94,379.88
2022-10-17,37620.0,52300.0,59400.0,152.53,246.64,342.88,389.43
2022-10-18,37100.0,52300.0,58760.0,152.825,242.76,342.22,384.49
2022-10-19,37000.0,52700.0,59000.0,153.165,241.57,344.07,385.21
2022-10-20,37200.0,53000.0,59150.0,153.5,242.35,345.28,385.34
2022-10-21,37000.0,53400.0,59100.0,153.8117,240.55,347.18,384.24
2022-10-24,37470.0,55325.0,59800.0,154.7367,242.15,357.54,386.46
2022-10-25,37800.0,55600.0,60150.0,155.0533,243.79,358.59,387.93
2022-10-26,37750.0,55550.0,61050.0,155.3967,242.93,357.47,392.87
2022-10-27,37630.0,55800.0,61100.0,155.6983,241.69,358.39,392.43
2022-10-28,37900.0,55950.0,60760.0,156.0167,242.92,358.62,389.45
2022-10-31,38400.0,56500.0,61900.0,156.895,244.75,360.11,394.53
2022-11-01,38960.0,56550.0,62050.0,157.235,247.78,359.65,394.63
2022-11-02,39030.0,56600.0,62650.0,157.5933,247.66,359.15,397.54
2022-11-03,39150.0,56470.0,62800.0,157.94,247.88,357.54,397.62
2022-11-04,39520.0,56900.0,63700.0,158.2667,249.71,359.52,402.49
2022-11-07,39470.0,56980.0,64300.0,159.33,247.72,357.62,403.56
2022-11-08,39500.0,56800.0,64600.0,159.7083,247.33,355.65,404.49
2022-11-09,39160.0,56300.0,63300.0,160.0467,244.68,351.77,395.51
2022-11-10,38600.0,56060.0,62500.0,160.3633,240.7,349.58,389.74
2022-11-11,38900.0,56175.0,64000.0,160.7067,242.06,349.55,398.24
2022-11-14,39100.0,56550.0,64000.0,161.7617,241.71,349.59,395.64
2022-11-15,39400.0,57000.0,65000.0,162.1283,243.02,351.57,400.92
2022-11-16,39430.0,57600.0,63100.0,162.4567,242.71,354.56,388.41
2022-11-17,38860.0,57065.0,62000.0,162.795,238.71,350.53,380.85
2022-11-18,39150.0,57290.0,63000.0,163.1467,239.97,351.16,386.16
2022-11-22,39450.0,57400.0,66000.0,164.5233,239.78,348.89,401.16
2022-11-23,39515.0,57650.0,68000.0,164.8467,239.71,349.72,412.5
2022-11-24,39520.0,58000.0,72000.0,165.2133,239.21,351.06,435.8
2022-11-25,39700.0,57300.0,80000.0,165.5883,239.75,346.04,483.13
2022-11-28,39930.0,57300.0,85000.0,166.625,239.64,343.89,510.13
2022-11-29,40020.0,57000.0,84990.0,166.955,239.71,341.41,509.06
2022-11-30,40100.0,57000.0,85000.0,167.255,239.75,340.8,508.21
2022-12-01,41050.0,57000.0,85100.0,167.685,244.8,339.92,507.5
2022-12-02,41300.0,56750.0,87200.0,168.0933,245.7,337.61,518.76
2022-12-05,41900.0,55925.0,88300.0,169.135,247.73,330.65,522.07
2022-12-06,42000.0,55870.0,90300.0,169.5083,247.78,329.6,532.72
2022-12-07,42090.0,56000.0,92050.0,169.8683,247.78,329.67,541.89
2022-12-12,42790.0,56750.0,94300.0,171.425,249.61,331.05,550.09
2022-12-13,43000.0,57000.0,96100.0,171.7617,250.35,331.86,559.5
2022-12-14,43000.0,57100.0,100000.0,172.1,249.85,331.78,581.06
2022-12-15,43150.0,57500.0,95500.0,172.425,250.25,333.48,553.86
2022-12-16,43500.0,57500.0,100000.0,172.73,251.84,332.89,578.94
2022-12-19,44000.0,57200.0,98000.0,173.645,253.39,329.41,564.37
2022-12-20,45000.0,57000.0,100000.0,173.9317,258.72,327.71,574.94
2022-12-21,45300.0,56750.0,100300.0,174.25,259.97,325.68,575.61
2022-12-22,45150.0,56600.0,98500.0,174.5883,258.61,324.19,564.18
2022-12-23,45400.0,57000.0,96500.0,174.8483,259.65,326.0,551.91
2022-12-26,43500.0,56500.0,95800.0,175.745,247.52,321.49,545.11
2022-12-27,43400.0,56600.0,98800.0,176.0717,246.49,321.46,561.14
2022-12-28,43550.0,56560.0,95000.0,176.38,246.91,320.67,538.61
2022-12-29,43500.0,56500.0,95000.0,176.7433,246.12,319.67,537.5
2022-12-30,43700.0,56600.0,93000.0,177.1283,246.71,319.54,525.04
2023-01-02,45900.0,55340.0,76000.0,178.1417,257.66,310.65,426.63
2023-01-03,45000.0,55050.0,75000.0,178.4317,252.2,308.52,420.33
2023-01-04,44500.0,54450.0,76000.0,178.6533,249.09,304.78,425.4
2023-01-05,45050.0,54100.0,77000.0,178.94,251.76,302.34,430.31
2023-01-06,45300.0,54700.0,77500.0,179.2433,252.73,305.17,432.37
2023-01-09,45500.0,55400.0,78500.0,180.1367,252.59,307.54,435.78
2023-01-10,45500.0,55400.0,80100.0,180.4017,252.21,307.09,444.01
2023-01-11,45560.0,55120.0,81600.0,180.6883,252.15,305.06,451.61
2023-01-12,46100.0,54850.0,82130.0,180.97,254.74,303.09,453.83
2023-01-13,46200.0,55900.0,82300.0,181.28,254.85,308.36,453.99
2023-01-16,46230.0,56240.0,82600.0,182.1633,253.78,308.73,453.44
2023-01-17,46670.0,56500.0,83000.0,182.4917,255.74,309.6,454.82
2023-01-18,46750.0,56790.0,83000.0,182.8033,255.74,310.66,454.04
2023-01-19,47200.0,56885.0,82900.0,183.125,257.75,310.63,452.7
2023-01-20,47650.0,56990.0,82500.0,183.4367,259.76,310.68,449.75
2023-01-23,46960.0,57280.0,82500.0,184.3733,254.7,310.67,447.46
2023-01-24,47967.0,57730.0,85000.0,184.6867,259.72,312.58,460.24
2023-01-25,48200.0,57730.0,85000.0,185.005,260.53,312.05,459.45
2023-01-26,48320.0,57800.0,85000.0,185.315,260.75,311.9,458.68
2023-01-27,48850.0,57600.0,85300.0,185.63,263.16,310.29,459.52
2023-01-30,49385.0,57600.0,85300.0,186.5783,264.69,308.72,457.18
2023-01-31,49465.0,57900.0,85500.0,186.875,264.7,309.83,457.53
2023-02-01,49620.0,58000.0,85000.0,187.3083,264.91,309.65,453.8
2023-02-02,49210.0,58080.0,83250.0,187.6133,262.29,309.57,443.73
2023-02-03,49770.0,58220.0,80000.0,187.95,264.8,309.76,425.65
2023-02-06,49770.0,58220.0,80000.0,189.095,263.2,307.89,423.07
2023-02-07,49250.0,58150.0,81000.0,189.4567,259.95,306.93,427.54
2023-02-08,49310.0,57900.0,82000.0,189.8633,259.71,304.96,431.89
2023-02-09,49400.0,57550.0,89000.0,190.2033,259.72,302.57,467.92
2023-02-10,49480.0,57550.0,89000.0,190.5283,259.7,302.05,467.12
2023-02-14,49870.0,57550.0,89100.0,192.02,259.71,299.71,464.01
2023-02-15,50000.0,57660.0,88930.0,192.375,259.91,299.73,462.27
2023-02-16,50280.0,57790.0,89600.0,192.7833,260.81,299.77,464.77
2023-02-17,50400.0,57900.0,90000.0,193.1933,260.88,299.7,465.85
2023-02-22,51030.0,58425.0,89600.0,194.98,261.72,299.65,459.53
2023-02-23,51220.0,58530.0,89600.0,195.35,262.2,299.62,458.66
2023-02-24,50800.0,58500.0,89600.0,195.7383,259.53,298.87,457.75
2023-02-27,50330.0,58400.0,89600.0,196.8117,255.73,296.73,455.26
2023-02-28,49430.0,58200.0,89000.0,197.1533,250.72,295.2,451.43
2023-03-01,49340.0,58420.0,89000.0,197.56,249.75,295.71,450.5
2023-03-02,49415.0,58700.0,90000.0,197.8867,249.71,296.63,454.81
2023-03-03,49550.0,58800.0,90000.0,198.26,249.92,296.58,453.95
2023-03-06,50780.0,59100.0,89800.0,199.345,254.73,296.47,450.48
2023-03-07,50870.0,59000.0,89800.0,199.6717,254.77,295.49,449.74
2023-03-08,50930.0,58900.0,90000.0,200.0267,254.62,294.46,449.94
2023-03-09,50640.0,58300.0,90000.0,200.3567,252.75,290.98,449.2
2023-03-10,49330.0,58555.0,88000.0,200.7217,245.76,291.72,438.42
2023-03-13,50200.0,58800.0,87000.0,201.8017,248.76,291.38,431.12
2023-03-14,50215.0,58900.0,87500.0,202.1483,248.41,291.37,432.85
2023-03-15,50540.0,59000.0,87200.0,202.5217,249.55,291.33,430.57
2023-03-16,50800.0,58700.0,87500.0,202.955,250.3,289.23,431.13
2023-03-17,51040.0,58820.0,87700.0,203.34,251.01,289.27,431.3
2023-03-20,51030.0,58850.0,87000.0,204.4967,249.54,287.78,425.43
2023-03-21,51155.0,59000.0,88000.0,204.9633,249.58,287.86,429.35
2023-03-22,50850.0,58250.0,87000.0,205.395,247.57,283.6,423.57
2023-03-23,51200.0,57700.0,84900.0,205.79,248.8,280.38,412.56
2023-03-27,51755.0,57500.0,84500.0,207.4017,249.54,277.24,407.42
2023-03-28,51860.0,57050.0,84500.0,207.84,249.52,274.49,406.56
2023-03-29,52180.0,57170.0,84900.0,208.2533,250.56,274.52,407.68
2023-03-30,51500.0,56500.0,86000.0,208.5983,246.89,270.86,412.28
2023-03-31,51945.0,56500.0,90000.0,208.9883,248.55,270.35,430.65
2023-04-03,52310.0,57750.0,90000.0,210.33,248.7,274.57,427.9
2023-04-04,52750.0,57850.0,90000.0,210.8,250.24,274.43,426.94
2023-04-05,53700.0,58800.0,90000.0,211.235,254.22,278.36,426.07
2023-04-10,53250.0,58570.0,107000.0,213.3283,249.62,274.55,501.57
2023-04-11,53140.0,59300.0,107000.0,213.7983,248.55,277.36,500.47
2023-04-12,53140.0,59875.0,99000.0,214.25,248.03,279.46,462.08
2023-04-13,53100.0,60000.0,99500.0,214.665,247.36,279.51,463.51
2023-04-14,52820.0,60750.0,100000.0,215.095,245.57,282.43,464.91
2023-04-17,52750.0,60470.0,100500.0,216.3583,243.81,279.49,464.51
2023-04-18,52000.0,61500.0,100800.0,216.8883,239.75,283.56,464.76
2023-04-19,51200.0,61500.0,101000.0,217.47,235.43,282.8,464.43
2023-04-20,49600.0,61500.0,100500.0,218.025,227.5,282.08,460.96
2023-04-21,47900.0,61100.0,99000.0,218.5083,219.21,279.62,453.07
2023-04-24,45940.0,61000.0,99500.0,220.235,208.6,276.98,451.79
2023-04-25,45200.0,61000.0,100000.0,220.8733,204.64,276.18,452.75
2023-04-26,46300.0,61500.0,100000.0,221.5517,208.98,277.59,451.36
2023-04-27,46500.0,62000.0,100000.0,222.02,209.44,279.25,450.41
2023-04-28,46650.0,62240.0,100000.0,222.575,209.59,279.64,449.29
2023-05-02,47095.0,62790.0,101100.0,224.625,209.66,279.53,450.08
2023-05-03,47200.0,62940.0,100500.0,225.0917,209.69,279.62,446.48
2023-05-04,47870.0,63080.0,100600.0,225.6583,212.13,279.54,445.81
2023-05-05,47990.0,66175.0,102900.0,226.1917,212.17,292.56,454.92
2023-05-08,48500.0,65900.0,104300.0,227.575,213.12,289.57,458.31
2023-05-09,48050.0,66000.0,105300.0,228.0583,210.69,289.4,461.72
2023-05-10,48400.0,66400.0,110000.0,228.5083,211.81,290.58,481.38
2023-05-11,48500.0,67000.0,110000.0,228.9917,211.8,292.59,480.37
2023-05-12,48550.0,67040.0,110000.0,229.3333,211.7,292.33,479.65
2023-05-15,50000.0,67500.0,110000.0,230.6417,216.79,292.66,476.93
2023-05-16,50700.0,67500.0,104500.0,231.175,219.31,291.99,452.04
2023-05-17,49150.0,67500.0,105000.0,231.65,212.17,291.39,453.27
2023-05-18,47500.0,69500.0,105000.0,232.2417,204.53,299.26,452.12
2023-05-19,47400.0,72000.0,103000.0,232.7417,203.66,309.36,442.55
2023-05-22,48200.0,72000.0,102500.0,234.4083,205.62,307.16,437.27
2023-05-23,47000.0,72000.0,101000.0,234.9167,200.07,306.49,429.94
2023-05-24,46360.0,71800.0,101800.0,235.6333,196.75,304.71,432.03
2023-05-29,48700.0,76500.0,99000.0,238.2583,204.4,321.08,415.52
2023-05-30,48700.0,76500.0,98000.0,238.7917,203.94,320.36,410.4
2023-05-31,48600.0,76500.0,95000.0,239.325,203.07,319.65,396.95
2023-06-01,49170.0,76750.0,90000.0,240.0667,204.82,319.7,374.9
2023-06-02,49500.0,76700.0,90000.0,240.7417,205.61,318.6,373.84
2023-06-05,49700.0,76500.0,90000.0,242.55,204.91,315.4,371.06
2023-06-06,47840.0,76600.0,90000.0,243.175,196.73,315.0,370.1
2023-06-07,48300.0,75850.0,90000.0,243.8083,198.11,311.11,369.14
2023-06-08,49150.0,75700.0,90000.0,244.3333,201.16,309.82,368.35
2023-06-09,48900.0,74600.0,89900.0,244.9667,199.62,304.53,366.99
2023-06-12,48000.0,73500.0,89900.0,246.7833,194.5,297.83,364.29
2023-06-13,46875.0,73500.0,90000.0,247.2917,189.55,297.22,363.94
2023-06-14,47050.0,73250.0,90000.0,247.8,189.87,295.6,363.2
2023-06-15,47110.0,72500.0,90000.0,248.5833,189.51,291.65,362.05
2023-06-16,48560.0,72000.0,90000.0,249.1583,194.9,288.97,361.22
2023-06-21,50200.0,72920.0,91000.0,252.0083,199.2,289.36,361.1
2023-06-22,50700.0,73000.0,90500.0,252.5083,200.79,289.1,358.4
2023-06-23,49000.0,73255.0,91000.0,252.9917,193.68,289.55,359.7
2023-06-26,50000.0,73600.0,92000.0,254.5417,196.43,289.15,361.43
2023-06-27,49000.0,73900.0,92500.0,255.1667,192.03,289.61,362.51
2023-06-29,47700.0,71700.0,92500.0,256.2417,186.15,279.81,360.99
2023-06-30,47200.0,71250.0,94500.0,256.675,183.89,277.59,368.17
2023-07-03,46300.0,71300.0,94100.0,257.975,179.47,276.38,364.76
2023-07-04,46350.0,71700.0,93000.0,259.15,178.85,276.67,358.87
2023-07-05,46650.0,73000.0,93000.0,259.8,179.56,280.99,357.97
2023-07-06,48000.0,73200.0,92000.0,260.325,184.38,281.19,353.4
2023-07-07,47600.0,73200.0,92000.0,260.9833,182.39,280.48,352.51
2023-07-10,47950.0,73000.0,92500.0,262.65,182.56,277.94,352.18
2023-07-11,48250.0,73000.0,93000.0,263.3167,183.24,277.23,353.19
2023-07-12,48000.0,72750.0,93200.0,263.9333,181.86,275.64,353.12
2023-07-13,48500.0,72500.0,93800.0,264.5167,183.35,274.08,354.61
2023-07-14,47500.0,72250.0,92000.0,265.1417,179.15,272.5,346.98
2023-07-17,47500.0,72700.0,93000.0,266.7917,178.04,272.5,348.59
2023-07-18,49650.0,73000.0,94500.0,267.5833,185.55,272.81,353.16
2023-07-19,52000.0,73200.0,95000.0,268.225,193.87,272.91,354.18
2023-07-20,50100.0,73500.0,96300.0,268.775,186.4,273.46,358.29
2023-07-21,48800.0,73700.0,99000.0,269.4167,181.13,273.55,367.46
2023-07-24,49650.0,74500.0,99000.0,271.1917,183.08,274.71,365.06
2023-07-25,62000.0,74600.0,100000.0,271.6667,228.22,274.6,368.1
2023-07-26,61850.0,74000.0,100000.0,272.4,227.06,271.66,367.11
2023-07-27,62750.0,73100.0,100000.0,273.0,229.85,267.77,366.3
2023-07-28,62800.0,73100.0,100000.0,273.6333,229.5,267.15,365.45
2023-07-31,59000.0,72800.0,98000.0,275.2833,214.32,264.45,356.0
2023-08-01,60000.0,73000.0,100000.0,276.1417,217.28,264.36,362.13
2023-08-02,60800.0,72000.0,100000.0,277.3417,219.22,259.61,360.57
2023-08-03,60000.0,71500.0,101000.0,278.2833,215.61,256.93,362.94
2023-08-04,60600.0,72000.0,102800.0,279.3167,216.96,257.77,368.04
2023-08-07,59850.0,73000.0,101000.0,283.15,211.37,257.81,356.7
2023-08-08,60000.0,73200.0,100500.0,284.1917,211.13,257.57,353.63
2023-08-09,60000.0,73500.0,101000.0,285.175,210.4,257.74,354.17
2023-08-10,60000.0,73800.0,102000.0,286.1917,209.65,257.87,356.4
2023-08-11,61000.0,74000.0,102400.0,287.2917,212.33,257.58,356.43
2023-08-15,60000.0,84000.0,122000.0,350.0083,171.42,239.99,348.56
2023-08-16,60950.0,84000.0,125500.0,350.0,174.14,240.0,358.57
2023-08-17,61700.0,84000.0,127000.0,349.975,176.3,240.02,362.88
2023-08-18,62700.0,84500.0,127000.0,350.0167,179.13,241.42,362.84
2023-08-22,61850.0,84500.0,126000.0,350.0083,176.71,241.42,359.99
2023-08-23,62720.0,84500.0,127000.0,349.975,179.21,241.45,362.88
2023-08-24,63100.0,84500.0,127200.0,349.975,180.3,241.45,363.45
2023-08-25,64200.0,84500.0,130000.0,349.975,183.44,241.45,371.46
2023-08-31,66000.0,86000.0,138000.0,350.0167,188.56,245.7,394.27
2023-09-01,66700.0,86000.0,138000.0,350.0,190.57,245.71,394.29
2023-09-04,66500.0,87000.0,139000.0,350.025,189.99,248.55,397.11
2023-09-05,66000.0,85500.0,141000.0,349.9917,188.58,244.29,402.87
2023-09-06,67500.0,85000.0,151000.0,350.0,192.86,242.86,431.43
2023-09-07,67900.0,85000.0,160000.0,349.9917,194.0,242.86,457.15
2023-09-08,67500.0,85000.0,155000.0,349.975,192.87,242.87,442.89
2023-09-11,68000.0,85500.0,158000.0,349.9833,194.29,244.3,451.45
2023-09-12,68000.0,85500.0,160000.0,349.975,194.3,244.3,457.18
2023-09-13,67500.0,85500.0,160000.0,349.975,192.87,244.3,457.18
2023-09-14,68000.0,85500.0,162000.0,349.975,194.3,244.3,462.89
2023-09-15,70000.0,86000.0,160000.0,349.9917,200.0,245.72,457.15
2023-09-18,70000.0,86500.0,160000.0,349.9917,200.0,247.15,457.15
2023-09-19,70000.0,86700.0,160000.0,349.9833,200.01,247.73,457.16
2023-09-20,70000.0,86900.0,160000.0,350.0,200.0,248.29,457.14
2023-09-21,70000.0,87200.0,160000.0,349.9833,200.01,249.15,457.16
2023-09-22,70500.0,87500.0,160000.0,350.025,201.41,249.98,457.11
2023-09-25,70500.0,87100.0,160000.0,350.0083,201.42,248.85,457.13
2023-09-26,70000.0,87500.0,162500.0,350.025,199.99,249.98,464.25
2023-09-27,71000.0,86500.0,165000.0,350.025,202.84,247.13,471.39
2023-09-28,71000.0,86500.0,165000.0,350.025,202.84,247.13,471.39
2023-09-29,71000.0,86500.0,165000.0,350.0083,202.85,247.14,471.42
2023-10-02,72000.0,86500.0,162500.0,350.025,205.7,247.13,464.25
2023-10-03,74000.0,86500.0,165000.0,350.025,211.41,247.13,471.39
2023-10-04,78000.0,87000.0,170300.0,350.025,222.84,248.55,486.54
2023-10-05,79950.0,88000.0,175000.0,350.025,228.41,251.41,499.96
2023-10-06,81600.0,88000.0,177000.0,350.025,233.13,251.41,505.68
2023-10-09,82000.0,88000.0,175000.0,350.025,234.27,251.41,499.96
2023-10-10,82800.0,88000.0,175500.0,350.025,236.55,251.41,501.39
2023-10-11,83800.0,88000.0,178000.0,350.025,239.41,251.41,508.54
2023-10-12,83800.0,88000.0,180000.0,350.025,239.41,251.41,514.25
2023-10-17,83800.0,88000.0,185000.0,350.0167,239.42,251.42,528.55
2023-10-18,83000.0,88000.0,185000.0,350.025,237.13,251.41,528.53
2023-10-19,83800.0,88000.0,185000.0,350.025,239.41,251.41,528.53
2023-10-23,95000.0,88000.0,185000.0,350.0,271.43,251.43,528.57
2023-10-24,98000.0,110000.0,187500.0,350.025,279.98,314.26,535.68
2023-10-25,99000.0,110000.0,187500.0,350.0167,282.84,314.27,535.69
2023-10-26,98000.0,111000.0,187000.0,350.0083,279.99,317.14,534.27
2023-10-27,98000.0,115000.0,187000.0,350.0083,279.99,328.56,534.27
2023-10-30,95000.0,111000.0,185000.0,350.025,271.41,317.12,528.53
2023-10-31,92000.0,110000.0,184500.0,350.0083,262.85,314.28,527.13
2023-11-01,91000.0,112000.0,182000.0,349.9917,260.01,320.01,520.01
2023-11-02,92000.0,112500.0,177000.0,350.025,262.84,321.41,505.68
2023-11-03,92000.0,111800.0,178500.0,350.025,262.84,319.41,509.96
2023-11-06,90200.0,107000.0,180000.0,350.025,257.7,305.69,514.25
2023-11-07,92000.0,103000.0,181000.0,350.025,262.84,294.26,517.11
2023-11-08,91500.0,101000.0,181000.0,350.025,261.41,288.55,517.11
2023-11-09,91900.0,100000.0,178000.0,350.025,262.55,285.69,508.54
2023-11-10,92000.0,101000.0,180000.0,350.0,262.86,288.57,514.29
2023-11-13,94500.0,102000.0,189000.0,350.025,269.98,291.41,539.96
2023-11-14,95000.0,105000.0,189000.0,350.025,271.41,299.98,539.96
2023-11-15,95000.0,106500.0,190000.0,353.0083,269.12,301.69,538.23
2023-11-16,95000.0,106000.0,189800.0,353.475,268.76,299.88,536.95
2023-11-17,95000.0,105000.0,189000.0,354.0083,268.36,296.6,533.89
2023-11-21,105000.0,120000.0,223500.0,356.025,294.92,337.05,627.76
2023-11-22,114000.0,130000.0,239000.0,356.5083,319.77,364.65,670.39
2023-11-23,119800.0,135000.0,238000.0,357.0083,335.57,378.14,666.65
2023-11-24,122000.0,134900.0,240000.0,357.525,341.23,377.32,671.28
2023-11-27,116000.0,125000.0,225000.0,359.025,323.1,348.17,626.7
2023-11-28,112000.0,122000.0,220000.0,359.525,311.52,339.34,611.92
2023-11-29,111000.0,122000.0,218000.0,360.0083,308.33,338.88,605.54
2023-11-30,111000.0,122000.0,210000.0,360.525,307.88,338.4,582.48
2023-12-01,106000.0,121000.0,215000.0,361.025,293.61,335.16,595.53
2023-12-04,105000.0,120000.0,215000.0,362.525,289.64,331.01,593.06
2023-12-05,118000.0,130000.0,216000.0,363.025,325.05,358.1,595.0
2023-12-06,118000.0,130000.0,216000.0,363.55,324.58,357.58,594.14
2023-12-07,115000.0,130000.0,216000.0,364.4083,315.58,356.74,592.74
2023-12-13,144000.0,160000.0,258000.0,799.975,180.01,200.01,322.51
2023-12-14,149600.0,173000.0,268000.0,800.525,186.88,216.11,334.78
2023-12-15,150000.0,175000.0,265000.0,801.075,187.25,218.46,330.81
2023-12-18,149500.0,179900.0,265000.0,802.625,186.26,224.14,330.17
2023-12-19,150000.0,180000.0,265000.0,803.175,186.76,224.11,329.94
2023-12-20,150000.0,178500.0,262000.0,803.725,186.63,222.09,325.98
2023-12-21,150000.0,181300.0,261000.0,804.225,186.51,225.43,324.54
2023-12-22,150000.0,184500.0,260000.0,804.775,186.39,229.26,323.07
2023-12-26,150000.0,184500.0,262000.0,806.8833,185.9,228.66,324.71
2023-12-27,150000.0,185000.0,264000.0,807.425,185.78,229.12,326.97
2023-12-29,151000.0,184500.0,265000.0,808.4833,186.77,228.21,327.77
2024-01-02,150000.0,183800.0,261000.0,810.65,185.04,226.73,321.96
2024-01-03,150500.0,180000.0,264500.0,811.15,185.54,221.91,326.08
2024-01-04,154900.0,179950.0,265000.0,811.75,190.82,221.68,326.46
2024-01-05,156000.0,179900.0,266500.0,812.25,192.06,221.48,328.1
2024-01-08,158000.0,178800.0,270000.0,813.85,194.14,219.7,331.76
2024-01-09,160000.0,179500.0,275000.0,814.35,196.48,220.42,337.69
2024-01-10,160000.0,177500.0,275000.0,814.95,196.33,217.8,337.44
2024-01-11,160000.0,179900.0,275500.0,815.45,196.21,220.61,337.85
2024-01-12,157000.0,179000.0,270500.0,816.05,192.39,219.35,331.47
2024-01-15,154500.0,176000.0,270000.0,817.65,188.96,215.25,330.21
2024-01-16,155000.0,176000.0,275000.0,818.15,189.45,215.12,336.12
2024-01-17,155000.0,179800.0,275000.0,818.65,189.34,219.63,335.92
2024-01-18,155000.0,180000.0,275000.0,819.25,189.2,219.71,335.67
2024-01-19,155000.0,180000.0,274500.0,819.75,189.08,219.58,334.86
2024-01-22,154800.0,181000.0,274000.0,821.45,188.45,220.34,333.56
2024-01-23,155000.0,181900.0,275000.0,821.95,188.58,221.3,334.57
2024-01-24,155000.0,184400.0,275000.0,822.45,188.46,224.21,334.37
2024-01-25,155500.0,184900.0,275000.0,823.05,188.93,224.65,334.12
2024-01-26,155000.0,185000.0,267500.0,823.55,188.21,224.64,324.81
2024-01-29,154000.0,180000.0,265000.0,825.25,186.61,218.12,321.11
2024-01-30,155000.0,184900.0,269500.0,825.75,187.71,223.92,326.37
2024-01-31,155000.0,184900.0,269500.0,826.25,187.59,223.78,326.17
2024-02-01,154900.0,183000.0,265500.0,826.85,187.34,221.32,321.1
2024-02-02,152000.0,188800.0,265500.0,827.35,183.72,228.2,320.9
2024-02-05,151000.0,181800.0,265300.0,829.05,182.14,219.29,320.0
2024-02-06,150000.0,181800.0,265000.0,829.55,180.82,219.15,319.45
2024-02-07,151000.0,181000.0,261950.0,830.15,181.89,218.03,315.55
2024-02-08,150000.0,183000.0,261000.0,830.65,180.58,220.31,314.21
2024-02-09,148000.0,184900.0,260000.0,831.25,178.05,222.44,312.78
2024-02-14,149800.0,180000.0,253000.0,833.95,179.63,215.84,303.38
2024-02-15,147500.0,180000.0,250000.0,834.5667,176.74,215.68,299.56
2024-02-16,144400.0,175500.0,250000.0,835.05,172.92,210.17,299.38
2024-02-19,141500.0,171000.0,245000.0,836.75,169.11,204.36,292.8
2024-02-20,143000.0,170000.0,247300.0,837.25,170.8,203.05,295.37
2024-02-21,140800.0,170000.0,245000.0,837.85,168.05,202.9,292.42
2024-02-22,139500.0,170000.0,240000.0,838.35,166.4,202.78,286.28
2024-02-23,135000.0,170000.0,240000.0,838.95,160.92,202.63,286.07
2024-02-26,135100.0,170000.0,240000.0,840.65,160.71,202.22,285.49
2024-02-27,139800.0,170000.0,241000.0,841.15,166.2,202.1,286.51
2024-02-28,140500.0,170000.0,242500.0,841.75,166.91,201.96,288.09
2024-02-29,141000.0,170000.0,243500.0,842.25,167.41,201.84,289.11
2024-03-01,144000.0,169500.0,248000.0,842.75,170.87,201.13,294.27
2024-03-04,144000.0,170500.0,249000.0,844.25,170.57,201.95,294.94
2024-03-05,144000.0,170500.0,250000.0,845.25,170.36,201.72,295.77
2024-03-06,144500.0,170000.0,250000.0,845.75,170.85,201.01,295.6
2024-03-07,146000.0,170000.0,249500.0,846.25,172.53,200.89,294.83
2024-03-08,147000.0,169900.0,250000.0,846.75,173.6,200.65,295.25
2024-03-11,147000.0,169900.0,248000.0,848.25,173.3,200.29,292.37
2024-03-12,149000.0,170000.0,250000.0,848.75,175.55,200.29,294.55
2024-03-13,150000.0,170000.0,251000.0,849.75,176.52,200.06,295.38
2024-03-14,151500.0,169800.0,251950.0,850.25,178.18,199.71,296.32
2024-03-15,150000.0,170000.0,251000.0,850.75,176.32,199.82,295.03
2024-03-18,149000.0,170000.0,253000.0,852.25,174.83,199.47,296.86
2024-03-19,150000.0,171000.0,256000.0,852.75,175.9,200.53,300.21
2024-03-20,151000.0,172000.0,260000.0,853.25,176.97,201.58,304.72
2024-03-21,151000.0,172000.0,264000.0,854.25,176.76,201.35,309.04
2024-03-22,149000.0,172000.0,259500.0,854.75,174.32,201.23,303.6
2024-03-25,145000.0,172000.0,254900.0,856.25,169.34,200.88,297.69
2024-03-26,145000.0,172000.0,250000.0,856.75,169.24,200.76,291.8
2024-03-27,141000.0,172000.0,245000.0,857.4167,164.45,200.6,285.74
2024-04-03,143700.0,171000.0,242000.0,861.25,166.85,198.55,280.99
2024-04-04,145000.0,174000.0,245000.0,861.75,168.26,201.91,284.31
2024-04-05,145000.0,175000.0,250000.0,862.75,168.07,202.84,289.77
2024-04-08,147000.0,175000.0,247500.0,864.25,170.09,202.49,286.38
2024-04-09,149000.0,175000.0,250000.0,864.75,172.3,202.37,289.1
2024-04-10,150000.0,178000.0,250500.0,865.25,173.36,205.72,289.51
2024-04-11,150500.0,180000.0,251000.0,865.75,173.84,207.91,289.92
2024-04-12,152500.0,185000.0,252500.0,866.75,175.94,213.44,291.32
2024-04-15,151000.0,185500.0,251000.0,868.25,173.91,213.65,289.09
2024-04-16,152000.0,189800.0,251000.0,868.75,174.96,218.47,288.92
2024-04-17,154000.0,191000.0,251000.0,869.25,177.16,219.73,288.75
2024-04-18,154000.0,191500.0,249800.0,869.75,177.06,220.18,287.21
2024-04-19,155000.0,193000.0,250000.0,870.75,178.01,221.65,287.11
2024-04-22,156500.0,197000.0,250000.0,872.25,179.42,225.85,286.62
2024-04-23,158000.0,197500.0,250500.0,872.75,181.04,226.3,287.02
2024-04-24,158500.0,200000.0,250500.0,873.25,181.51,229.03,286.86
2024-04-25,159700.0,200000.0,251500.0,873.75,182.78,228.9,287.84
2024-04-26,160000.0,200000.0,252000.0,874.75,182.91,228.64,288.08
2024-04-29,158000.0,200000.0,252000.0,876.4167,180.28,228.2,287.53
2024-04-30,155500.0,197500.0,250000.0,876.75,177.36,225.26,285.14
2024-05-02,160000.0,200000.0,255000.0,878.25,182.18,227.73,290.35
2024-05-03,163000.0,210000.0,261000.0,878.75,185.49,238.98,297.01
2024-05-06,165000.0,210000.0,265000.0,880.25,187.45,238.57,301.05
2024-05-07,167000.0,210000.0,271500.0,880.75,189.61,238.43,308.26
2024-05-08,165000.0,211000.0,274000.0,881.75,187.13,239.3,310.75
2024-05-09,160000.0,218000.0,260000.0,882.25,181.35,247.1,294.7
2024-05-10,162000.0,220000.0,260000.0,882.75,183.52,249.22,294.53
2024-05-13,164700.0,220500.0,261800.0,884.25,186.26,249.36,296.07
2024-05-14,165000.0,230000.0,263500.0,885.25,186.39,259.81,297.66
2024-05-15,160500.0,232000.0,269900.0,885.75,181.2,261.92,304.71
2024-05-16,156500.0,234000.0,270500.0,886.25,176.59,264.03,305.22
2024-05-17,154000.0,238000.0,272000.0,886.75,173.67,268.4,306.74
2024-05-20,154500.0,235000.0,277000.0,888.75,173.84,264.42,311.67
2024-05-21,155000.0,237000.0,278000.0,889.25,174.3,266.52,312.62
2024-05-22,157000.0,242000.0,284500.0,889.75,176.45,271.99,319.75
2024-05-23,162000.0,247000.0,289000.0,890.25,181.97,277.45,324.63
2024-05-24,163000.0,248500.0,285000.0,890.75,182.99,278.98,319.96
2024-05-27,163000.0,249000.0,285000.0,892.75,182.58,278.91,319.24
2024-05-28,163000.0,249000.0,285000.0,893.25,182.48,278.76,319.06
2024-05-29,162500.0,249000.0,289500.0,893.75,181.82,278.6,323.92
2024-05-30,159000.0,248000.0,289500.0,894.25,177.8,277.33,323.73
2024-05-31,158000.0,246000.0,290000.0,895.25,176.49,274.78,323.93
2024-06-03,158000.0,240000.0,285000.0,896.4167,176.26,267.73,317.93
2024-06-04,160000.0,240000.0,282000.0,896.9167,178.39,267.58,314.41
2024-06-05,161500.0,238000.0,282000.0,898.25,179.79,264.96,313.94
2024-06-06,165000.0,235000.0,290000.0,898.5,183.64,261.55,322.76
2024-06-07,163500.0,233000.0,285000.0,899.0833,181.85,259.15,316.99
2024-06-10,165000.0,229500.0,290000.0,901.1667,183.1,254.67,321.81
2024-06-11,165000.0,230000.0,291000.0,902.1667,182.89,254.94,322.56
2024-06-12,165500.0,230000.0,292000.0,902.25,183.43,254.92,323.64
2024-06-13,166800.0,230000.0,293000.0,902.5833,184.8,254.82,324.62
2024-06-14,165000.0,229900.0,293000.0,902.6667,182.79,254.69,324.59
2024-06-18,164000.0,224900.0,285000.0,905.4167,181.13,248.39,314.77
2024-06-19,162800.0,220000.0,285000.0,906.0,179.69,242.83,314.57
2024-06-24,159000.0,220000.0,286000.0,909.0833,174.9,242.0,314.6
2024-06-25,159000.0,219800.0,280000.0,909.6667,174.79,241.63,307.81
2024-06-26,162000.0,220000.0,281000.0,910.75,177.88,241.56,308.54
2024-06-27,162300.0,220000.0,280000.0,911.5833,178.04,241.34,307.16
2024-06-28,159500.0,219800.0,280000.0,911.75,174.94,241.07,307.1
2024-07-01,159500.0,219800.0,283500.0,914.5,174.41,240.35,310.01
2024-07-02,160500.0,226000.0,286500.0,915.1667,175.38,246.95,313.06
2024-07-03,160000.0,229900.0,286500.0,915.6667,174.74,251.07,312.89
2024-07-04,157500.0,230000.0,285500.0,915.9167,171.96,251.11,311.71
2024-07-05,156200.0,230500.0,290000.0,918.25,170.11,251.02,315.82
2024-07-08,150000.0,228000.0,281000.0,918.9167,163.24,248.12,305.79
2024-07-10,150000.0,227000.0,280000.0,919.8333,163.07,246.78,304.4
2024-07-11,154850.0,227500.0,285000.0,920.5,168.22,247.15,309.61
2024-07-12,155000.0,229000.0,285500.0,921.75,168.16,248.44,309.74
2024-07-15,150500.0,230000.0,280500.0,922.9167,163.07,249.21,303.93
2024-07-16,151500.0,227000.0,285000.0,923.5,164.05,245.8,308.61
2024-07-17,153500.0,227000.0,285000.0,923.8333,166.16,245.72,308.5
2024-07-18,150500.0,226500.0,285500.0,924.75,162.75,244.93,308.73
2024-07-19,151000.0,230000.0,285500.0,926.75,162.93,248.18,308.07
2024-07-22,155000.0,230000.0,290000.0,927.0833,167.19,248.09,312.81
2024-07-23,160000.0,230000.0,290000.0,927.3333,172.54,248.02,312.72
2024-07-24,160000.0,230000.0,290000.0,928.6667,172.29,247.67,312.28
2024-07-25,160000.0,230000.0,293500.0,929.1667,172.2,247.53,315.87
2024-07-26,155800.0,231000.0,285000.0,931.5833,167.24,247.96,305.93
2024-07-29,154900.0,231000.0,285000.0,931.75,166.25,247.92,305.88
2024-07-30,155000.0,231000.0,285000.0,932.25,166.26,247.79,305.71
2024-07-31,152000.0,231000.0,282000.0,932.75,162.96,247.65,302.33
2024-08-02,155000.0,231000.0,285500.0,935.0833,165.76,247.04,305.32
2024-08-05,160000.0,232000.0,290000.0,935.75,170.99,247.93,309.91
2024-08-06,160000.0,235000.0,290000.0,936.5,170.85,250.93,309.66
2024-08-07,160000.0,239000.0,287000.0,937.0833,170.74,255.05,306.27
2024-08-08,160000.0,240000.0,285000.0,937.5833,170.65,255.98,303.97
2024-08-09,160000.0,240000.0,285000.0,939.6667,170.27,255.41,303.3
2024-08-12,160000.0,235000.0,280000.0,939.8333,170.24,250.04,297.93
2024-08-13,160000.0,230000.0,280000.0,940.3333,170.15,244.59,297.77
2024-08-14,160000.0,230000.0,280000.0,941.6667,169.91,244.25,297.35
2024-08-15,160000.0,230000.0,285000.0,942.0,169.85,244.16,302.55
2024-08-16,160000.0,230000.0,285000.0,944.0,169.49,243.64,301.91
2024-08-19,161000.0,230000.0,289300.0,944.3333,170.49,243.56,306.35
2024-08-20,161800.0,230000.0,291000.0,944.8333,171.25,243.43,307.99
2024-08-21,163000.0,230000.0,293000.0,945.3333,172.43,243.3,309.94
2024-08-22,163000.0,230000.0,290000.0,946.25,172.26,243.06,306.47
2024-08-23,163000.0,228000.0,291000.0,948.1667,171.91,240.46,306.91
2024-08-26,163000.0,225000.0,293500.0,949.0833,171.74,237.07,309.25
2024-08-27,165000.0,230000.0,297000.0,949.75,173.73,242.17,312.71
2024-08-28,165000.0,225000.0,295000.0,950.0833,173.67,236.82,310.5
2024-08-29,165000.0,225000.0,300000.0,950.6667,173.56,236.68,315.57
2024-08-30,165000.0,223000.0,297000.0,952.8333,173.17,234.04,311.7
2024-09-02,165000.0,220000.0,295000.0,952.75,173.18,230.91,309.63
2024-09-03,169500.0,220000.0,300000.0,954.1667,177.64,230.57,314.41
2024-09-04,170000.0,220000.0,300000.0,954.5,178.1,230.49,314.3
2024-09-05,169900.0,217000.0,295000.0,954.9167,177.92,227.24,308.93
2024-09-06,169000.0,215000.0,292000.0,957.1667,176.56,224.62,305.07
2024-09-09,165000.0,214000.0,295000.0,957.75,172.28,223.44,308.01
2024-09-10,166500.0,214000.0,293800.0,958.1667,173.77,223.34,306.63
2024-09-11,167000.0,211000.0,295000.0,958.9167,174.15,220.04,307.64
2024-09-12,167000.0,214000.0,297000.0,959.6667,174.02,222.99,309.48
2024-09-16,165500.0,208000.0,295000.0,962.0833,172.02,216.2,306.63
2024-09-17,166250.0,205000.0,295000.0,962.4167,172.74,213.01,306.52
2024-09-18,167500.0,205000.0,300000.0,963.3333,173.88,212.8,311.42
2024-09-19,169500.0,205000.0,300000.0,963.75,175.88,212.71,311.28
2024-09-20,169500.0,205000.0,300000.0,965.75,175.51,212.27,310.64
2024-09-23,170000.0,205000.0,300000.0,966.3333,175.92,212.14,310.45
2024-09-24,170000.0,195000.0,300000.0,966.75,175.85,201.71,310.32
2024-09-25,172000.0,195000.0,300000.0,967.9167,177.7,201.46,309.94
2024-09-27,174950.0,200000.0,305000.0,970.5833,180.25,206.06,314.24
2024-09-30,179000.0,198000.0,310000.0,970.9167,184.36,203.93,319.29
2024-10-01,180000.0,205000.0,315000.0,971.25,185.33,211.07,324.32
2024-10-02,181800.0,210000.0,315000.0,971.75,187.09,216.1,324.16
2024-10-03,181500.0,210000.0,310000.0,972.75,186.58,215.88,318.68
2024-10-04,180500.0,210000.0,310000.0,974.8333,185.16,215.42,318.0
2024-10-07,180000.0,210000.0,305000.0,975.5,184.52,215.27,312.66
2024-10-08,180000.0,210000.0,305000.0,975.9167,184.44,215.18,312.53
2024-10-09,181000.0,211000.0,300000.0,976.25,185.4,216.13,307.3
2024-10-10,180500.0,215000.0,300000.0,979.4167,184.29,219.52,306.3
2024-10-14,177000.0,219000.0,300000.0,980.1667,180.58,223.43,306.07
2024-10-15,177500.0,215000.0,303000.0,980.5833,181.01,219.26,309.0
2024-10-16,179000.0,215000.0,305000.0,981.5833,182.36,219.03,310.72
2024-10-17,180000.0,212000.0,305800.0,981.75,183.35,215.94,311.48
2024-10-18,180000.0,207500.0,310000.0,983.8333,182.96,210.91,315.09
2024-10-21,182000.0,205000.0,311200.0,984.4167,184.88,208.25,316.13
2024-10-22,182900.0,204500.0,310000.0,984.8333,185.72,207.65,314.77
2024-10-23,180000.0,203000.0,312500.0,985.9167,182.57,205.9,316.96
2024-10-24,180000.0,200000.0,314900.0,986.3333,182.49,202.77,319.26
2024-10-25,180000.0,195000.0,308000.0,988.3333,182.12,197.3,311.64
2024-10-28,177800.0,195000.0,305000.0,988.8333,179.81,197.2,308.44
2024-10-29,177800.0,196500.0,302000.0,989.25,179.73,198.64,305.28
2024-10-30,178000.0,195000.0,305000.0,990.25,179.75,196.92,308.0
2024-10-31,178000.0,195000.0,303000.0,990.75,179.66,196.82,305.83
2024-11-01,180000.0,195000.0,301000.0,992.75,181.31,196.42,303.2
2024-11-04,180000.0,195000.0,306500.0,993.3333,181.21,196.31,308.56
2024-11-05,180000.0,195000.0,306300.0,994.75,180.95,196.03,307.92
2024-11-06,182000.0,195000.0,309000.0,994.75,182.96,196.03,310.63
2024-11-07,183000.0,197000.0,310000.0,995.3333,183.86,197.92,311.45
2024-11-08,185200.0,190000.0,309500.0,997.25,185.71,190.52,310.35
2024-11-11,185000.0,190000.0,305200.0,997.75,185.42,190.43,305.89
2024-11-12,185000.0,190000.0,305000.0,998.75,185.23,190.24,305.38
2024-11-13,186300.0,189500.0,301000.0,999.25,186.44,189.64,301.23
2024-11-14,185000.0,187000.0,300000.0,999.75,185.05,187.05,300.08
2024-11-15,183000.0,183000.0,304000.0,1002.75,182.5,182.5,303.17
2024-11-19,185000.0,189000.0,300000.0,1003.25,184.4,188.39,299.03
2024-11-20,185000.0,191500.0,299800.0,1003.75,184.31,190.78,298.68
2024-11-21,185000.0,191500.0,295000.0,1004.75,184.13,190.59,293.61
2024-11-22,184000.0,190000.0,292000.0,1006.75,182.77,188.73,290.04
2024-11-25,182500.0,189000.0,295000.0,1007.25,181.19,187.64,292.88
2024-11-26,182500.0,190000.0,294900.0,1007.75,181.1,188.54,292.63
2024-11-27,182800.0,192000.0,295000.0,1008.75,181.21,190.33,292.44
2024-11-28,182000.0,192900.0,293000.0,1009.25,180.33,191.13,290.31
2024-11-29,182000.0,191000.0,293000.0,1011.75,179.89,188.78,289.6
2024-12-02,180000.0,190000.0,290000.0,1011.9167,177.88,187.76,286.58
2024-12-03,182800.0,190000.0,295000.0,1013.1667,180.42,187.53,291.17
2024-12-04,183000.0,190000.0,295000.0,1013.25,180.61,187.52,291.14
2024-12-05,183000.0,190000.0,295000.0,1013.8333,180.5,187.41,290.97
2024-12-06,183000.0,194200.0,296500.0,1015.75,180.16,191.19,291.9
2024-12-09,180500.0,194500.0,295100.0,1016.75,177.53,191.3,290.24
2024-12-10,180500.0,195200.0,297000.0,1017.25,177.44,191.89,291.96
2024-12-11,180500.0,195000.0,295500.0,1017.75,177.35,191.6,290.35
2024-12-12,180000.0,195000.0,295000.0,1018.75,176.69,191.41,289.57
2024-12-13,180000.0,195000.0,291000.0,1020.75,176.34,191.04,285.08
2024-12-16,180000.0,195000.0,290000.0,1021.25,176.25,190.94,283.97
2024-12-17,180500.0,196000.0,285000.0,1021.8333,176.64,191.81,278.91
2024-12-18,184800.0,199500.0,280000.0,1022.75,180.69,195.06,273.77
2024-12-19,183500.0,198500.0,280000.0,1023.25,179.33,193.99,273.64
2024-12-20,187000.0,198000.0,280000.0,1025.4167,182.36,193.09,273.06
2024-12-23,187000.0,199000.0,281000.0,1027.75,181.95,193.63,273.41
2024-12-26,190000.0,199000.0,286500.0,1029.0,184.65,193.39,278.43
2024-12-27,190000.0,200000.0,285000.0,1030.5,184.38,194.08,276.56
2024-12-30,190000.0,200000.0,285000.0,1032.5,184.02,193.7,276.03
2025-01-02,190000.0,199500.0,290000.0,1032.75,183.97,193.17,280.8
2025-01-03,190000.0,195000.0,285000.0,1034.75,183.62,188.45,275.43
2025-01-06,191900.0,195000.0,289000.0,1035.75,185.28,188.27,279.02
2025-01-07,193800.0,195000.0,288000.0,1036.25,187.02,188.18,277.93
2025-01-08,195000.0,196500.0,287900.0,1036.75,188.09,189.53,277.69
2025-01-09,198000.0,196500.0,288000.0,1037.75,190.8,189.35,277.52
2025-01-10,200000.0,197000.0,292500.0,1039.75,192.35,189.47,281.32
2025-01-13,205000.0,197000.0,295000.0,1040.25,197.07,189.38,283.59
2025-01-14,205000.0,196000.0,295500.0,1041.25,196.88,188.24,283.79
2025-01-16,205000.0,199000.0,285000.0,1042.25,196.69,190.93,273.45
2025-01-17,209000.0,198000.0,290000.0,1044.5,200.1,189.56,277.64
2025-01-20,206500.0,198000.0,290000.0,1045.25,197.56,189.43,277.45
2025-01-21,209300.0,199000.0,293000.0,1045.9167,200.11,190.26,280.14
2025-01-22,211500.0,200000.0,295000.0,1047.25,201.96,190.98,281.69
2025-01-23,213000.0,202000.0,295500.0,1047.6667,203.31,192.81,282.06
2025-01-27,212000.0,204000.0,301000.0,1050.5,201.81,194.19,286.53
2025-01-28,215000.0,209500.0,310000.0,1050.9167,204.58,199.35,294.98
2025-01-29,221500.0,213000.0,315000.0,1051.5833,210.63,202.55,299.55
2025-01-30,224000.0,213000.0,315000.0,1052.5,212.83,202.38,299.29
2025-01-31,223000.0,213000.0,315000.0,1053.5,211.68,202.18,299.0
2025-02-03,223000.0,210000.0,315000.0,1053.9167,211.59,199.26,298.89
2025-02-04,225000.0,210000.0,320000.0,1054.25,213.42,199.19,303.53
2025-02-05,224000.0,214000.0,320000.0,1054.7083,212.38,202.9,303.4
2025-02-06,224000.0,220000.0,320000.0,1054.875,212.35,208.56,303.35
2025-02-07,220000.0,220000.0,322000.0,1055.9167,208.35,208.35,304.95
2025-02-10,220000.0,220000.0,322000.0,1056.375,208.26,208.26,304.82
2025-02-11,220000.0,220000.0,325000.0,1056.625,208.21,208.21,307.58
2025-02-12,219000.0,220000.0,320000.0,1056.875,207.21,208.16,302.78
2025-02-13,218000.0,219500.0,325000.0,1057.4583,206.15,207.57,307.34
2025-02-14,217000.0,220000.0,330000.0,1058.5,205.01,207.84,311.76
2025-02-17,215000.0,220000.0,330000.0,1059.0833,203.01,207.73,311.59
2025-02-18,216000.0,221500.0,331400.0,1059.1667,203.93,209.13,312.89
2025-02-19,217000.0,223000.0,331400.0,1059.375,204.84,210.5,312.83
2025-02-20,218000.0,223000.0,332000.0,1059.875,205.68,210.4,313.24
2025-02-21,215000.0,226000.0,330000.0,1060.875,202.66,213.03,311.06
2025-02-24,212000.0,226000.0,326000.0,1061.125,199.79,212.98,307.22
2025-02-25,211500.0,225000.0,330000.0,1061.625,199.22,211.94,310.84
2025-02-26,214500.0,224500.0,330000.0,1061.875,202.0,211.42,310.77
2025-02-27,214800.0,221200.0,331000.0,1062.375,202.19,208.21,311.57
2025-02-28,214800.0,219500.0,322500.0,1064.375,201.81,206.22,302.99
2025-03-05,208500.0,213000.0,318500.0,1064.375,195.89,200.12,299.24
2025-03-06,212000.0,212000.0,329000.0,1064.625,199.13,199.13,309.03
2025-03-07,210000.0,214000.0,330000.0,1066.0417,196.99,200.74,309.56
2025-03-10,207500.0,215000.0,328500.0,1066.3333,194.59,201.63,308.07
2025-03-11,208000.0,222500.0,329000.0,1066.6667,195.0,208.59,308.44
2025-03-12,206000.0,223500.0,320500.0,1066.875,193.09,209.49,300.41
2025-03-13,207500.0,224000.0,320000.0,1067.125,194.45,209.91,299.87
2025-03-14,207000.0,230000.0,320000.0,1068.5417,193.72,215.25,299.47
2025-03-17,206500.0,230000.0,321000.0,1068.9167,193.19,215.17,300.3
2025-03-18,207400.0,233000.0,325000.0,1069.125,193.99,217.94,303.99
2025-03-19,208500.0,236000.0,327500.0,1069.625,194.93,220.64,306.18
2025-03-20,210000.0,235000.0,328000.0,1069.8333,196.29,219.66,306.59
2025-03-21,210000.0,235500.0,327500.0,1071.3333,196.02,219.82,305.69
2025-03-25,209000.0,235000.0,330500.0,1071.5833,195.04,219.3,308.42
2025-03-26,210000.0,235000.0,340000.0,1072.0833,195.88,219.2,317.14
2025-03-27,209000.0,235000.0,343000.0,1072.2917,194.91,219.16,319.88
2025-03-28,208000.0,235000.0,343000.0,1073.375,193.78,218.94,319.55
2025-04-03,213500.0,235000.0,315000.0,1074.8333,198.64,218.64,293.07
2025-04-04,214500.0,235000.0,310000.0,1075.875,199.37,218.43,288.14
2025-04-08,218000.0,235000.0,320000.0,1076.5833,202.49,218.28,297.24
2025-04-09,222000.0,239900.0,324000.0,1077.125,206.1,222.72,300.8
2025-04-10,224500.0,239000.0,325000.0,1077.375,208.38,221.84,301.66
2025-04-11,225000.0,239000.0,330000.0,1078.375,208.65,221.63,306.02
2025-04-14,230000.0,240000.0,330000.0,1182.4167,194.52,202.97,279.09
2025-04-16,232000.0,248000.0,317000.0,1172.8333,197.81,211.45,270.29
2025-04-21,216000.0,227850.0,302500.0,1070.4167,201.79,212.86,282.6
2025-04-22,220000.0,228500.0,304500.0,1093.3333,201.22,208.99,278.51
2025-04-24,231000.0,240000.0,315000.0,1176.4167,196.36,204.01,267.76
2025-04-25,233000.0,243000.0,310000.0,1174.1667,198.44,206.96,264.02
2025-04-28,231000.0,235000.0,310000.0,1163.1667,198.6,202.03,266.51
2025-04-29,228000.0,233000.0,302000.0,1170.6667,194.76,199.03,257.97
2025-04-30,228000.0,233000.0,290000.0,1172.0,194.54,198.81,247.44
2025-05-05,221000.0,231000.0,308000.0,1178.5,187.53,196.01,261.35
2025-05-06,223500.0,234000.0,316500.0,1203.8333,185.66,194.38,262.91
2025-05-07,210000.0,220800.0,303000.0,1153.5,182.05,191.42,262.68
2025-05-08,204000.0,221000.0,300000.0,1117.5,182.55,197.76,268.46
2025-05-09,207000.0,225400.0,310000.0,1113.5833,185.89,202.41,278.38
2025-05-12,207000.0,222400.0,310000.0,1126.0,183.84,197.51,275.31
2025-05-14,208000.0,224000.0,305000.0,1129.8333,184.1,198.26,269.95
2025-05-15,211000.0,224500.0,308000.0,1135.5,185.82,197.71,271.25
2025-05-19,210000.0,225000.0,312500.0,1134.25,185.14,198.37,275.51
2025-05-20,212000.0,226700.0,315000.0,1142.0,185.64,198.51,275.83
2025-05-21,213000.0,228500.0,315000.0,1145.0,186.03,199.56,275.11
2025-05-23,206000.0,225000.0,307500.0,1137.0,181.18,197.89,270.45
2025-05-26,207000.0,226800.0,311000.0,1139.8333,181.61,198.98,272.85
2025-05-27,210800.0,228500.0,314000.0,1148.0,183.62,199.04,273.52
2025-05-28,210000.0,230000.0,310000.0,1161.0,180.88,198.11,267.01
2025-05-29,209700.0,234800.0,317000.0,1174.5,178.54,199.91,269.9
2025-05-30,209000.0,235800.0,320000.0,1195.3333,174.85,197.27,267.71
2025-06-02,205000.0,234300.0,320000.0,1181.1667,173.56,198.36,270.92
2025-06-03,205200.0,234900.0,322500.0,1184.0,173.31,198.4,272.38
2025-06-04,205000.0,235300.0,323000.0,1184.3333,173.09,198.68,272.73
2025-06-05,206500.0,236400.0,323500.0,1189.6667,173.58,198.71,271.92
2025-06-06,203700.0,235300.0,321300.0,1190.0,171.18,197.73,270.0
2025-06-09,202900.0,234000.0,320000.0,1186.4167,171.02,197.23,269.72
2025-06-10,202800.0,235500.0,320800.0,1187.0,170.85,198.4,270.26
2025-06-11,205000.0,232250.0,326000.0,1184.5,173.07,196.07,275.22
2025-06-12,205000.0,232850.0,323800.0,1185.5,172.92,196.42,273.13
2025-06-13,205500.0,232500.0,327000.0,1187.6667,173.03,195.76,275.33
2025-06-17,201000.0,230200.0,326900.0,1180.0833,170.33,195.07,277.01
2025-06-18,198000.0,226700.0,318200.0,1151.0,172.02,196.96,276.46
2025-06-19,200000.0,230600.0,319400.0,1156.1667,172.99,199.45,276.26
2025-06-23,202000.0,232400.0,319500.0,1167.3333,173.04,199.09,273.7
2025-06-24,200000.0,233100.0,323000.0,1176.0,170.07,198.21,274.66
2025-06-25,201000.0,236500.0,321000.0,1176.3333,170.87,201.05,272.88
2025-06-26,201800.0,236100.0,321000.0,1194.6667,168.92,197.63,268.69
2025-06-27,201500.0,236000.0,321000.0,1189.8333,169.35,198.35,269.79
2025-06-30,202100.0,238600.0,321000.0,1194.0833,169.25,199.82,268.83
2025-07-01,203000.0,240000.0,320000.0,1203.0,168.74,199.5,266.0
2025-07-02,204000.0,241500.0,315000.0,1231.3333,165.67,196.13,255.82
2025-07-03,208700.0,241950.0,315000.0,1226.9167,170.1,197.2,256.74
2025-07-04,206000.0,243700.0,315000.0,1239.8333,166.15,196.56,254.07
2025-07-07,210000.0,244700.0,315000.0,1257.9167,166.94,194.53,250.41
2025-07-08,208500.0,243000.0,315000.0,1258.0,165.74,193.16,250.4
2025-07-10,211820.0,243000.0,320000.0,1261.1667,167.96,192.68,253.73
2025-07-11,213000.0,245000.0,323000.0,1261.5833,168.84,194.2,256.03
2025-07-14,215900.0,250000.0,330000.0,1266.1667,170.51,197.45,260.63
2025-07-15,218000.0,246400.0,330000.0,1277.0,170.71,192.95,258.42
2025-07-16,219900.0,249700.0,330000.0,1259.9167,174.54,198.19,261.92
2025-07-17,221000.0,251500.0,335000.0,1266.25,174.53,198.62,264.56
2025-07-18,222000.0,255200.0,340000.0,1283.8333,172.92,198.78,264.83
2025-07-21,218000.0,253200.0,338500.0,1286.0,169.52,196.89,263.22
2025-07-22,216000.0,253500.0,336000.0,1266.1667,170.59,200.21,265.37
2025-07-23,222000.0,252500.0,340000.0,1259.6667,176.24,200.45,269.91
2025-07-24,226100.0,256000.0,341500.0,1262.0,179.16,202.85,270.6
2025-07-25,227500.0,256000.0,345000.0,1277.75,178.05,200.35,270.01
2025-07-28,227600.0,260000.0,360000.0,1287.3333,176.8,201.97,279.65
2025-07-29,228196.0,259000.0,365000.0,1296.6667,175.99,199.74,281.49
2025-07-30,233800.0,263800.0,370000.0,1294.1667,180.66,203.84,285.9
2025-07-31,244350.0,275500.0,385000.0,1351.8333,180.75,203.8,284.8
2025-08-01,241200.0,273800.0,389000.0,1361.3333,177.18,201.13,285.75
2025-08-04,241100.0,273000.0,395000.0,1361.8333,177.04,200.47,290.05
2025-08-05,237500.0,268000.0,392000.0,1351.1667,175.77,198.35,290.12
2025-08-06,232800.0,268000.0,390000.0,1333.6667,174.56,200.95,292.43
2025-08-07,231800.0,266800.0,390300.0,1331.0833,174.14,200.44,293.22
2025-08-08,233100.0,269985.0,390000.0,1329.4167,175.34,203.09,293.36
2025-08-11,229770.0,266540.0,385000.0,1330.5,172.69,200.33,289.36
2025-08-12,227000.0,265000.0,390000.0,1321.5,171.77,200.53,295.12
2025-08-13,226900.0,264700.0,390000.0,1318.0,172.15,200.83,295.9
2025-08-14,224600.0,262000.0,384000.0,1308.3333,171.67,200.25,293.5
2025-08-18,227000.0,260650.0,380000.0,1298.8333,174.77,200.68,292.57
2025-08-19,225300.0,260550.0,380500.0,1292.3333,174.34,201.61,294.43
2025-08-20,226500.0,262270.0,385000.0,1298.5,174.43,201.98,296.5
2025-08-21,229200.0,265120.0,390000.0,1309.25,175.06,202.5,297.88
2025-08-22,230500.0,266200.0,392000.0,1321.5833,174.41,201.43,296.61
2025-08-25,237450.0,274000.0,400000.0,1344.1667,176.65,203.84,297.58
2025-08-26,235800.0,272200.0,400000.0,1352.3333,174.37,201.28,295.79
2025-08-27,230500.0,270000.0,394000.0,1359.4167,169.56,198.61,289.83
2025-08-28,227700.0,265500.0,387000.0,1343.6667,169.46,197.59,288.02
2025-09-01,240000.0,273000.0,395000.0,1371.1667,175.03,199.1,288.08
2025-09-02,237000.0,271000.0,400000.0,1368.25,173.21,198.06,292.34
2025-09-03,237000.0,270500.0,395000.0,1360.1667,174.24,198.87,290.41
2025-09-04,238000.0,271000.0,400000.0,1362.3333,174.7,198.92,293.61
2025-09-05,242300.0,270000.0,400000.0,1365.4167,177.45,197.74,292.95
2025-09-08,249000.0,281000.0,410000.0,1422.1667,175.08,197.59,288.29
2025-09-09,248000.0,282500.0,415000.0,1418.6667,174.81,199.13,292.53
2025-09-10,249000.0,282900.0,420000.0,1419.9167,175.36,199.24,295.79
2025-09-11,250500.0,284600.0,425000.0,1427.5833,175.47,199.36,297.71
2025-09-12,254900.0,281600.0,435000.0,1447.1667,176.14,194.59,300.59
2025-09-15,257500.0,284000.0,440000.0,1462.0,176.13,194.25,300.96
2025-09-16,263000.0,281800.0,440000.0,1464.6667,179.56,192.4,300.41
2025-09-17,263800.0,281300.0,440000.0,1471.4167,179.28,191.18,299.03
2025-09-18,264000.0,281300.0,440000.0,1474.25,179.07,190.81,298.46
2025-09-19,263900.0,278540.0,439800.0,1474.75,178.95,188.87,298.22
2025-09-22,258800.0,279000.0,505000.0,1425.6667,181.53,195.7,354.22
2025-09-23,258400.0,272000.0,493000.0,1354.1667,190.82,200.86,364.06
2025-09-24,250000.0,265700.0,461000.0,1343.3333,186.1,197.79,343.18
2025-09-25,238000.0,264000.0,449500.0,1325.0833,179.61,199.23,339.22
2025-09-26,239000.0,263000.0,453000.0,1332.0,179.43,197.45,340.09
2025-09-29,242000.0,262000.0,475000.0,1341.0,180.46,195.38,354.21
2025-09-30,246780.0,266000.0,480000.0,1366.5833,180.58,194.65,351.24
2025-10-01,248800.0,275730.0,495000.0,1423.8333,174.74,193.65,347.65
2025-10-02,250540.0,276020.0,499800.0,1424.75,175.85,193.73,350.8
2025-10-03,250000.0,281700.0,495000.0,1424.75,175.47,197.72,347.43
2025-10-06,251000.0,277100.0,495000.0,1429.75,175.56,193.81,346.21
2025-10-07,251500.0,268000.0,494600.0,1429.75,175.9,187.45,345.93
2025-10-08,251000.0,262885.0,494800.0,1429.75,175.56,183.87,346.07
2025-10-09,249700.0,262500.0,499500.0,1451.75,172.0,180.82,344.07
2025-10-13,237180.0,252000.0,464800.0,1347.6667,175.99,186.99,344.89
2025-10-14,239000.0,247000.0,464000.0,1359.8333,175.76,181.64,341.22
2025-10-15,242700.0,250500.0,470000.0,1373.5,176.7,182.38,342.19
2025-10-16,250500.0,254900.0,470000.0,1387.1667,180.58,183.76,338.82
2025-10-17,259400.0,265100.0,480000.0,1439.5,180.2,184.16,333.45
2025-10-20,262200.0,270000.0,475000.0,1462.8333,179.24,184.57,324.71
2025-10-21,265200.0,272500.0,480000.0,1484.75,178.62,183.53,323.29
2025-10-22,266000.0,272300.0,480000.0,1487.0833,178.87,183.11,322.78
2025-10-23,264600.0,268000.0,480000.0,1484.0,178.3,180.59,323.45
2025-10-24,266940.0,266940.0,480000.0,1485.9167,179.65,179.65,323.03
2025-10-27,256700.0,257400.0,480000.0,1378.9167,186.16,186.67,348.1
2025-10-28,265200.0,270285.0,490000.0,1470.8333,180.31,183.76,333.14
2025-10-29,259714.0,263300.0,481000.0,1451.5,178.93,181.4,331.38
2025-10-30,259360.0,264365.0,475000.0,1433.6667,180.91,184.4,331.32
2025-10-31,261000.0,265600.0,480000.0,1443.0,180.87,184.06,332.64
2025-11-03,268100.0,269000.0,490000.0,1457.4167,183.96,184.57,336.21
2025-11-04,262000.0,263000.0,480000.0,1473.1667,177.85,178.53,325.83
2025-11-05,265500.0,264070.0,483500.0,1447.5,183.42,182.43,334.02
2025-11-06,261200.0,261000.0,480000.0,1447.5,180.45,180.31,331.61
2025-11-07,257300.0,255200.0,476500.0,1441.5,178.49,177.04,330.56
2025-11-10,257300.0,254800.0,480000.0,1419.3333,181.28,179.52,338.19
2025-11-11,254150.0,253425.0,480000.0,1416.5,179.42,178.91,338.86
2025-11-12,258150.0,254650.0,480000.0,1402.0,184.13,181.63,342.37
2025-11-13,258500.0,254250.0,486000.0,1408.8333,183.49,180.47,344.97
2025-11-14,258000.0,254000.0,478000.0,1405.0,183.63,180.78,340.21
2025-11-17,250800.0,250100.0,484000.0,1401.0,179.01,178.52,345.47
2025-11-18,257300.0,250380.0,485000.0,1388.0,185.37,180.39,349.42
2025-11-19,258500.0,244500.0,480000.0,1402.5,184.31,174.33,342.25
2025-11-25,266100.0,234000.0,490000.0,1442.8333,184.43,162.18,339.61
2025-11-26,274400.0,232600.0,500000.0,1448.5,189.44,160.58,345.18
2025-11-27,273800.0,237800.0,500000.0,1448.0,189.09,164.23,345.3
2025-11-28,274075.0,238000.0,500000.0,1450.75,188.92,164.05,344.65
2025-12-01,271190.0,239450.0,500000.0,1449.0833,187.15,165.24,345.05
2025-12-02,273000.0,247200.0,500000.0,1453.5833,187.81,170.06,343.98
2025-12-03,272900.0,242590.0,495000.0,1453.5,187.75,166.9,340.56
2025-12-04,272650.0,241000.0,494000.0,1449.3333,188.12,166.28,340.85
2025-12-05,270940.0,235000.0,490000.0,1438.5833,188.34,163.36,340.61
2025-12-09,275000.0,245000.0,490000.0,1437.4167,191.32,170.44,340.89
2025-12-10,275000.0,240000.0,496000.0,1439.4167,191.05,166.73,344.58
2025-12-11,275000.0,241100.0,500000.0,1438.25,191.2,167.63,347.64
2025-12-12,276500.0,243000.0,497000.0,1438.4167,192.23,168.94,345.52
2025-12-15,275900.0,244400.0,497500.0,1439.8333,191.62,169.74,345.53
2025-12-16,274000.0,246600.0,495000.0,1451.3333,188.79,169.91,341.07
2025-12-17,273980.0,249500.0,490000.0,1448.5833,189.14,172.24,338.26
2025-12-18,275400.0,252350.0,494000.0,1453.1667,189.52,173.66,339.95
2025-12-19,274000.0,255000.0,492000.0,1452.25,188.67,175.59,338.78
2025-12-22,274170.0,259740.0,494500.0,1450.4167,189.03,179.08,340.94
2025-12-26,281480.0,259830.0,500000.0,1450.9167,194.0,179.08,344.61
2025-12-29,282360.0,260640.0,498000.0,1454.9167,194.07,179.14,342.29
2025-12-30,281970.0,260280.0,500000.0,1459.4167,193.21,178.35,342.6
2026-01-02,293000.0,264000.0,498000.0,1469.613,199.37,179.64,338.86
2026-01-05,292000.0,263700.0,500000.0,1472.7348,198.27,179.05,339.5
2026-01-07,290200.0,262000.0,504900.0,1466.0309,197.95,178.71,344.4
2026-01-08,290500.0,263000.0,505000.0,1459.5816,199.03,180.19,345.99
2026-01-09,291200.0,262800.0,505000.0,1466.4689,198.57,179.21,344.36
2026-01-12,291700.0,263900.0,505000.0,1466.646,198.89,179.93,344.32
2026-01-13,282000.0,256300.0,500000.0,1463.3168,192.71,175.15,341.69
2026-01-14,278700.0,257000.0,500000.0,1454.3238,191.64,176.71,343.8
2026-01-15,276400.0,254200.0,495000.0,1443.8584,191.43,176.06,342.83
2026-01-16,274300.0,253000.0,485000.0,1431.055,191.68,176.79,338.91
2026-01-19,270845.0,252400.0,485000.0,1432.6913,189.05,176.17,338.52
2026-01-20,268000.0,252400.0,485500.0,1435.6263,186.68,175.81,338.18
2026-01-21,267200.0,250900.0,480500.0,1429.7799,186.88,175.48,336.07
2026-01-22,266400.0,250700.0,479900.0,1427.0331,186.68,175.68,336.29
2026-01-23,268000.0,252000.0,475000.0,1433.1999,186.99,175.83,331.43
2026-01-26,269300.0,253600.0,470000.0,1438.4603,187.21,176.3,326.74
2026-01-27,271600.0,255100.0,475000.0,1441.3245,188.44,176.99,329.56
2026-01-28,272745.0,258390.0,475000.0,1442.6959,189.05,179.1,329.24
2026-01-29,272745.0,258390.0,475000.0,1446.301,188.58,178.66,328.42
2026-01-30,273220.0,258840.0,476000.0,1447.6657,188.73,178.8,328.81
2026-02-02,265000.0,259560.0,470000.0,1451.701,182.54,178.8,323.76
2026-02-03,261534.0,258660.0,475000.0,1447.6651,180.66,178.67,328.11
2026-02-04,261500.0,258930.0,475000.0,1447.6232,180.64,178.87,328.12
2026-02-05,260500.0,257940.0,480000.0,1445.6242,180.2,178.43,332.04
2026-02-06,259700.0,257500.0,476500.0,1430.589,181.53,180.0,333.08
2026-02-09,253260.0,255370.0,470000.0,1423.3639,177.93,179.41,330.2
2026-02-10,251460.0,253300.0,465000.0,1405.427,178.92,180.23,330.86
2026-02-11,250380.0,252180.0,465000.0,1403.6981,178.37,179.65,331.27
2026-02-12,250000.0,252250.0,465000.0,1394.154,179.32,180.93,333.54
2026-02-13,252376.0,251680.0,465000.0,1395.4205,180.86,180.36,333.23
2026-02-18,252400.0,251050.0,465000.0,1401.8091,180.05,179.09,331.71
2026-02-19,251160.0,249780.0,465000.0,1391.9703,180.43,179.44,334.06
2026-02-20,251500.0,248000.0,456000.0,1384.205,181.69,179.16,329.43
2026-02-23,250520.0,247100.0,455000.0,1367.2357,183.23,180.73,332.79
2026-02-24,250300.0,249500.0,455000.0,1377.0942,181.76,181.18,330.41
2026-02-25,247500.0,251600.0,460000.0,1388.5847,178.24,181.19,331.27
2026-02-26,244825.0,253250.0,465000.0,1408.6966,173.8,179.78,330.09
2026-02-27,242900.0,250000.0,465000.0,1408.9662,172.4,177.44,330.03
2026-03-02,236300.0,250900.0,460000.0,1401.5785,168.6,179.01,328.2
2026-03-03,242000.0,254500.0,465000.0,1411.1067,171.5,180.35,329.53
2026-03-04,239350.0,251850.0,460000.0,1401.5797,170.77,179.69,328.2
2026-03-05,239000.0,253000.0,460000.0,1407.1504,169.85,179.8,326.9
2026-03-06,251000.0,260000.0,465000.0,1413.8218,177.53,183.9,328.9
2026-03-09,253260.0,257500.0,465000.0,1418.2781,178.57,181.56,327.86
2026-03-11,250300.0,253800.0,465000.0,1396.4528,179.24,181.75,332.99
2026-03-12,256320.0,253000.0,470000.0,1399.6749,183.13,180.76,335.79
2026-03-13,251800.0,254550.0,475000.0,1392.9851,180.76,182.74,340.99
2026-03-16,245000.0,253820.0,465000.0,1394.655,175.67,181.99,333.42
2026-03-17,242000.0,255000.0,474500.0,1395.5134,173.41,182.73,340.02
2026-03-18,242500.0,255000.0,480000.0,1399.6042,173.26,182.19,342.95
2026-03-19,243850.0,256320.0,485000.0,1395.5142,174.74,183.67,347.54
2026-03-26,236000.0,251415.0,484000.0,1370.2909,172.23,183.48,353.21
2026-03-27,236250.0,254100.0,440000.0,1376.0989,171.68,184.65,319.74
2026-03-30,238215.0,256965.0,440000.0,1394.9234,170.77,184.21,315.43
2026-03-31,240000.0,251300.0,440000.0,1382.7578,173.57,181.74,318.2
2026-04-06,253000.0,257400.0,440000.0,1391.6887,181.79,184.96,316.16
2026-04-07,253000.0,256000.0,440000.0,1395.0979,181.35,183.5,315.39
2026-04-09,253820.0,260680.0,432000.0,1383.2312,183.5,188.46,312.31
2026-04-13,248825.0,256000.0,430000.0,1362.8139,182.58,187.85,315.52
2026-04-14,251300.0,258800.0,430500.0,1358.522,184.98,190.5,316.89
2026-04-15,251500.0,262000.0,430000.0,1363.6566,184.43,192.13,315.33
2026-04-16,252500.0,263100.0,430000.0,1352.9774,186.63,194.46,317.82
2026-04-17,253480.0,264330.0,430000.0,1360.0307,186.38,194.36,316.17
2026-04-21,259640.0,273300.0,430000.0,1379.0516,188.27,198.18,311.81
2026-04-22,260110.0,273800.0,430000.0,1378.1258,188.74,198.68,312.02
2026-04-23,261400.0,276600.0,430000.0,1387.6961,188.37,199.32,309.87
2026-04-24,260100.0,278100.0,430000.0,1397.2063,186.16,199.04,307.76
2026-04-27,265400.0,281600.0,429000.0,1412.9865,187.83,199.29,303.61
2026-04-28,265145.0,283000.0,430000.0,1408.1491,188.29,200.97,305.37
2026-04-29,262675.0,283412.0,430000.0,1395.2866,188.26,203.12,308.18
2026-04-30,262500.0,283310.0,422000.0,1381.0954,190.07,205.13,305.55
2026-05-04,264765.0,288000.0,430000.0,1398.3143,189.35,205.96,307.51
2026-05-05,262960.0,287800.0,440000.0,1395.1909,188.48,206.28,315.37
2026-05-06,262000.0,288200.0,435000.0,1386.2923,188.99,207.89,313.79
2026-05-07,262143.0,290576.0,439800.0,1390.637,188.51,208.95,316.26
2026-05-08,263215.0,295160.0,444000.0,1394.1232,188.8,211.72,318.48
2026-05-11,262000.0,296000.0,450000.0,1399.4749,187.21,211.51,321.55
2026-05-12,261250.0,295625.0,455000.0,1386.5259,188.42,213.21,328.16
2026-05-13,262770.0,297345.0,461000.0,1389.2073,189.15,214.04,331.84
2026-05-15,249500.0,300000.0,460200.0,1395.3478,178.81,215.0,329.81
2026-05-18,256780.0,301200.0,470000.0,1394.974,184.08,215.92,336.92
2026-05-19,256965.0,301400.0,465000.0,1398.916,183.69,215.45,332.4
2026-05-21,253000.0,291300.0,460000.0,1392.1705,181.73,209.24,330.42
2026-05-22,254000.0,292740.0,460000.0,1393.5019,182.27,210.08,330.1
2026-05-26,254460.0,298700.0,461000.0,1407.8893,180.74,212.16,327.44
2026-05-28,254900.0,298400.0,465000.0,1411.4054,180.6,211.42,329.46
2026-05-29,254620.0,299300.0,465000.0,1410.2904,180.54,212.23,329.72
2026-06-01,255760.0,303240.0,465000.0,1421.4672,179.93,213.33,327.13
2026-06-02,255240.0,304700.0,465000.0,1426.9788,178.87,213.53,325.86
2026-06-03,257310.0,306000.0,465000.0,1435.3812,179.26,213.18,323.96
2026-06-05,254800.0,295000.0,455000.0,1442.4148,176.65,204.52,315.44
2026-06-08,257400.0,294700.0,455000.0,1445.3978,178.08,203.89,314.79
2026-06-09,257050.0,293560.0,460000.0,1446.1668,177.75,202.99,318.08
2026-06-10,255600.0,291820.0,465000.0,1436.585,177.92,203.13,323.68
2026-06-16,256950.0,292637.0,465000.0,1432.6696,179.35,204.26,324.57
2026-06-17,257850.0,293660.0,465000.0,1439.2199,179.16,204.04,323.09
2026-06-30,264400.0,292390.0,475000.0,1483.0198,178.28,197.16,320.29
2026-07-01,265660.0,294970.0,476000.0,1487.769,178.56,198.26,319.94
2026-07-02,264500.0,291370.0,475400.0,1490.6754,177.44,195.46,318.92
2026-07-03,265000.0,291460.0,475600.0,1488.5858,178.02,195.8,319.5
2026-07-06,268900.0,291100.0,480500.0,1489.5949,180.52,195.42,322.57
2026-07-07,269900.0,292000.0,480500.0,1491.55,180.95,195.77,322.15
2026-07-08,267500.0,291300.0,481000.0,1490.9024,179.42,195.39,322.62
2026-07-13,267500.0,290200.0,490000.0,1486.0549,180.01,195.28,329.73
2026-07-14,264700.0,286650.0,488000.0,1474.7373,179.49,194.37,330.91
2026-07-16,267000.0,286065.0,490000.0,1474.7696,181.05,193.97,332.26
2026-07-17,271765.0,293800.0,495000.0,1480.1223,183.61,198.5,334.43
2026-07-20,272320.0,294400.0,500000.0,1480.175,183.98,198.9,337.8
2026-07-21,274600.0,301000.0,500000.0,1477.7,185.83,203.69,338.36
2026-07-22,280100.0,311000.0,508500.0,1480.8616,189.15,210.01,343.38
2026-07-23,281200.0,316700.0,514500.0,1489.7656,188.75,212.58,345.36
2026-07-24,278260.0,311500.0,515000.0,1494.3744,186.21,208.45,344.63
2026-07-27,278256.0,305040.0,505000.0,1498.5117,185.69,203.56,337.0
2026-07-28,282500.0,305245.0,505500.0,1499.8387,188.35,203.52,337.04
2026-07-29,281000.0,307800.0,505500.0,1496.3521,187.79,205.7,337.82
2026-07-30,279600.0,310590.0,505000.0,1490.8431,187.54,208.33,338.73
2026-07-31,277490.0,305530.0,500000.0,1488.4531,186.43,205.27,335.92
2026-08-03,276400.0,307600.0,506000.0,1493.4428,185.08,205.97,338.81
2026-08-04,275100.0,310800.0,505000.0,1496.4509,183.83,207.69,337.47
2026-08-05,276600.0,319800.0,505000.0,1496.3132,184.85,213.73,337.5
2026-08-06,279500.0,320400.0,508000.0,1497.0062,186.71,214.03,339.34
2026-08-07,277800.0,320200.0,510000.0,1498.4355,185.39,213.69,340.35
2026-08-10,267570.0,319600.0,505000.0,1498.0939,178.61,213.34,337.1
2026-08-11,263700.0,318520.0,500000.0,1492.179,176.72,213.46,335.08
2026-08-13,267050.0,326260.0,507000.0,1491.8387,179.01,218.7,339.85
2026-08-14,269090.0,325270.0,505500.0,1488.6984,180.76,218.49,339.56
2026-08-18,274170.0,328400.0,510000.0,1494.1268,183.5,219.79,341.34
2026-08-19,275280.0,333000.0,520000.0,1497.5332,183.82,222.37,347.24
2026-08-20,272300.0,334800.0,525000.0,1497.2898,181.86,223.6,350.63
2026-08-21,266710.0,335250.0,521500.0,1497.4528,178.11,223.88,348.26
2026-08-24,270180.0,337725.0,525000.0,1506.9002,179.3,224.12,348.4
2026-08-25,269000.0,338100.0,530000.0,1511.5326,177.97,223.68,350.64
2026-08-26,270500.0,343000.0,540000.0,1514.1634,178.65,226.53,356.63
2026-08-27,270500.0,356200.0,540000.0,1512.7498,178.81,235.47,356.97
2026-08-28,271300.0,357714.0,550000.0,1513.0352,179.31,236.42,363.51
2026-08-31,270700.0,352000.0,550000.0,1509.4686,179.33,233.19,364.37
2026-09-01,282000.0,357200.0,560000.0,1512.7304,186.42,236.13,370.19
2026-09-02,285380.0,356700.0,564000.0,1511.6306,188.79,235.97,373.11
2026-09-03,285560.0,350000.0,560000.0,1508.2111,189.34,232.06,371.3
2026-09-04,289000.0,350000.0,560000.0,1507.3745,191.72,232.19,371.51
2026-09-07,293000.0,346000.0,560000.0,1511.154,193.89,228.96,370.58
2026-09-08,293100.0,345700.0,556000.0,1510.1049,194.09,228.92,368.19
2026-09-09,293400.0,346700.0,555000.0,1515.1105,193.65,228.83,366.31
2026-09-10,299000.0,341400.0,560000.0,1512.9956,197.62,225.65,370.13
2026-09-11,299000.0,340000.0,555000.0,1509.9074,198.03,225.18,367.57
2026-09-14,295200.0,344655.0,555000.0,1510.3215,195.46,228.2,367.47
2026-09-15,295000.0,335400.0,558000.0,1506.6836,195.79,222.61,370.35
2026-09-16,295000.0,343000.0,283000.0,1509.1055,195.48,227.29,187.53
